Sat;Praznik;Mjesec;Temperatura;PrijasnjaPotrosnja;Potrosnja
0;1;1;-4.2;NaN;171.25
1;1;1;-4.5;171.25;171.0
2;1;1;-4.8;171.0;171.5
3;1;1;-4.6;171.5;171.5
4;1;1;-4.8;171.5;163.5
5;1;1;-5.0;163.5;156.5
6;1;1;-5.1;156.5;157.25
7;1;1;-5.1;157.25;153.0
8;1;1;-5.0;153.0;147.75
9;1;1;-5.0;147.75;145.75
10;1;1;-5.0;145.75;146.5
11;1;1;-4.9;146.5;150.25
12;1;1;-4.8;150.25;150.25
13;1;1;-4.6;150.25;158.5
14;1;1;-4.3;158.5;158.0
15;1;1;-4.2;158.0;158.25
16;1;1;-4.2;158.25;162.5
17;1;1;-4.2;162.5;164.25
18;1;1;-4.1;164.25;165.0
19;1;1;-4.0;165.0;167.0
20;1;1;-4.2;167.0;169.0
21;1;1;-4.0;169.0;165.75
22;1;1;-3.9;165.75;163.0
23;1;1;-3.5;163.0;161.75
0;1;1;-3.2;161.75;162.0
1;1;1;-3.0;162.0;162.75
2;1;1;-3.1;162.75;161.25
3;1;1;-3.2;161.25;159.75
4;1;1;-2.9;159.75;158.0
5;1;1;-2.9;158.0;160.25
6;1;1;-2.9;160.25;163.0
7;1;1;-2.8;163.0;161.25
8;1;1;-2.0;161.25;161.75
9;1;1;-1.9;161.75;160.0
10;1;1;-1.5;160.0;167.25
11;1;1;-1.1;167.25;173.0
12;1;1;-0.9;173.0;171.0
13;1;1;-0.7;171.0;172.25
14;1;1;-0.5;172.25;170.75
15;1;1;-0.7;170.75;172.25
16;1;1;-0.7;172.25;179.25
17;1;1;-0.5;179.25;184.5
18;1;1;-0.4;184.5;184.5
19;1;1;-0.7;184.5;184.25
20;1;1;-1.4;184.25;178.0
21;1;1;-2.3;178.0;174.0
22;1;1;-2.4;174.0;176.5
23;1;1;-3.2;176.5;171.5
0;0;1;-4.0;171.5;169.5
1;0;1;-4.2;169.5;167.5
2;0;1;-5.2;167.5;166.25
3;0;1;-7.2;166.25;165.5
4;0;1;-7.5;165.5;165.5
5;0;1;-6.2;165.5;172.75
6;0;1;-5.4;172.75;224.5
7;0;1;-4.2;224.5;284.0
8;0;1;-3.9;284.0;344.0
9;0;1;-3.9;344.0;393.5
10;0;1;-3.3;393.5;419.25
11;0;1;-2.9;419.25;412.25
12;0;1;-2.4;412.25;415.25
13;0;1;-2.5;415.25;403.75
14;0;1;-2.4;403.75;405.75
15;0;1;-2.5;405.75;406.5
16;0;1;-2.0;406.5;380.0
17;0;1;-1.9;380.0;348.5
18;0;1;-1.9;348.5;321.25
19;0;1;-2.0;321.25;271.0
20;0;1;-2.9;271.0;219.0
21;0;1;-5.8;219.0;205.0
22;0;1;-6.5;205.0;187.5
23;0;1;-4.9;187.5;181.0
0;0;1;-4.6;181.0;178.75
1;0;1;-4.2;178.75;178.0
2;0;1;-3.9;178.0;179.0
3;0;1;-3.6;179.0;178.75
4;0;1;-3.6;178.75;179.25
5;0;1;-3.8;179.25;183.5
6;0;1;-3.8;183.5;228.25
7;0;1;-2.9;228.25;276.5
8;0;1;-2.8;276.5;363.0
9;0;1;-2.9;363.0;436.0
10;0;1;-2.9;436.0;446.25
11;0;1;-2.9;446.25;451.5
12;0;1;-2.4;451.5;440.0
13;0;1;-1.7;440.0;423.75
14;0;1;-1.7;423.75;408.25
15;0;1;-2.8;408.25;402.0
16;0;1;-3.7;402.0;387.0
17;0;1;-4.7;387.0;355.75
18;0;1;-3.7;355.75;323.5
19;0;1;-2.8;323.5;263.0
20;0;1;-2.8;263.0;230.25
21;0;1;-2.8;230.25;202.75
22;0;1;-2.8;202.75;180.75
23;0;1;-3.0;180.75;175.0
0;0;1;-3.2;175.0;174.0
1;0;1;-3.0;174.0;172.25
2;0;1;-3.1;172.25;175.0
3;0;1;-3.2;175.0;176.0
4;0;1;-3.3;176.0;175.75
5;0;1;-3.3;175.75;182.0
6;0;1;-3.3;182.0;222.5
7;0;1;-3.4;222.5;273.25
8;0;1;-2.9;273.25;369.5
9;0;1;-2.8;369.5;407.5
10;0;1;-2.5;407.5;423.333333333
11;0;1;-2.2;423.333333333;436.5
12;0;1;-1.9;436.5;433.25
13;0;1;-1.8;433.25;426.25
14;0;1;-1.7;426.25;422.75
15;0;1;-1.8;422.75;413.25
16;0;1;-1.8;413.25;393.5
17;0;1;-2.0;393.5;362.25
18;0;1;-2.1;362.25;330.25
19;0;1;-2.2;330.25;267.5
20;0;1;-2.5;267.5;230.75
21;0;1;-3.2;230.75;201.5
22;0;1;-4.0;201.5;180.25
23;0;1;-4.1;180.25;175.25
0;1;1;-3.9;175.25;168.75
1;1;1;-3.5;168.75;168.5
2;1;1;-3.9;168.5;168.0
3;1;1;-4.1;168.0;167.75
4;1;1;-3.8;167.75;168.5
5;1;1;-3.6;168.5;169.0
6;1;1;-3.5;169.0;167.0
7;1;1;-3.2;167.0;165.75
8;1;1;-2.4;165.75;177.25
9;1;1;-1.5;177.25;176.25
10;1;1;-0.1;176.25;178.25
11;1;1;0.4;178.25;182.75
12;1;1;1.3;182.75;186.25
13;1;1;2.0;186.25;187.25
14;1;1;2.1;187.25;186.75
15;1;1;2.4;186.75;194.75
16;1;1;4.0;194.75;198.25
17;1;1;3.8;198.25;197.75
18;1;1;2.7;197.75;197.0
19;1;1;2.3;197.0;195.25
20;1;1;2.6;195.25;185.25
21;1;1;3.8;185.25;179.25
22;1;1;3.9;179.25;176.25
23;1;1;4.9;176.25;177.75
0;0;1;5.0;177.75;176.0
1;0;1;5.0;176.0;175.25
2;0;1;5.4;175.25;175.0
3;0;1;5.9;175.0;173.5
4;0;1;6.8;173.5;173.75
5;0;1;7.6;173.75;173.5
6;0;1;8.2;173.5;192.25
7;0;1;8.1;192.25;195.75
8;0;1;9.3;195.75;214.75
9;0;1;9.7;214.75;225.75
10;0;1;11.3;225.75;236.0
11;0;1;12.9;236.0;235.75
12;0;1;13.2;235.75;233.0
13;0;1;12.9;233.0;232.75
14;0;1;13.1;232.75;233.25
15;0;1;12.5;233.25;227.5
16;0;1;12.0;227.5;237.5
17;0;1;11.8;237.5;230.75
18;0;1;11.6;230.75;216.0
19;0;1;11.0;216.0;206.25
20;0;1;11.3;206.25;194.0
21;0;1;11.6;194.0;183.75
22;0;1;11.1;183.75;175.5
23;0;1;11.4;175.5;170.0
0;1;1;11.0;170.0;173.75
1;1;1;10.9;173.75;172.0
2;1;1;11.1;172.0;171.75
3;1;1;11.1;171.75;170.25
4;1;1;11.4;170.25;170.5
5;1;1;11.6;170.5;168.0
6;1;1;10.6;168.0;171.75
7;1;1;11.1;171.75;170.75
8;1;1;11.6;170.75;169.75
9;1;1;12.1;169.75;171.75
10;1;1;12.5;171.75;178.75
11;1;1;13.0;178.75;180.25
12;1;1;13.1;180.25;181.0
13;1;1;13.9;181.0;179.75
14;1;1;14.4;179.75;185.5
15;1;1;13.9;185.5;189.0
16;1;1;12.8;189.0;193.75
17;1;1;12.6;193.75;202.25
18;1;1;12.2;202.25;198.5
19;1;1;12.0;198.5;198.25
20;1;1;11.9;198.25;193.25
21;1;1;11.0;193.25;183.75
22;1;1;10.6;183.75;172.75
23;1;1;9.8;172.75;168.75
0;1;1;9.2;168.75;167.75
1;1;1;9.7;167.75;165.0
2;1;1;9.0;165.0;166.5
3;1;1;9.4;166.5;166.25
4;1;1;8.9;166.25;165.75
5;1;1;8.1;165.75;166.0
6;1;1;6.1;166.0;166.75
7;1;1;5.3;166.75;164.25
8;1;1;9.3;164.25;163.0
9;1;1;12.3;163.0;166.75
10;1;1;14.1;166.75;171.0
11;1;1;15.4;171.0;172.0
12;1;1;15.8;172.0;176.75
13;1;1;15.9;176.75;177.75
14;1;1;15.2;177.75;178.0
15;1;1;14.2;178.0;176.5
16;1;1;13.0;176.5;183.0
17;1;1;11.7;183.0;192.75
18;1;1;11.7;192.75;194.25
19;1;1;12.4;194.25;192.75
20;1;1;11.6;192.75;190.0
21;1;1;11.6;190.0;180.5
22;1;1;8.7;180.5;171.0
23;1;1;6.6;171.0;167.5
0;0;1;5.5;167.5;166.0
1;0;1;5.4;166.0;168.0
2;0;1;4.9;168.0;165.5
3;0;1;4.8;165.5;165.25
4;0;1;4.9;165.25;166.0
5;0;1;5.0;166.0;171.5
6;0;1;5.1;171.5;214.75
7;0;1;4.9;214.75;266.5
8;0;1;5.7;266.5;366.5
9;0;1;6.5;366.5;448.0
10;0;1;8.6;448.0;467.5
11;0;1;10.1;467.5;459.5
12;0;1;11.1;459.5;492.75
13;0;1;11.5;492.75;489.5
14;0;1;11.1;489.5;466.0
15;0;1;10.1;466.0;451.75
16;0;1;9.7;451.75;403.75
17;0;1;8.4;403.75;346.5
18;0;1;7.2;346.5;300.75
19;0;1;6.4;300.75;254.0
20;0;1;6.5;254.0;220.25
21;0;1;5.9;220.25;203.5
22;0;1;4.9;203.5;187.25
23;0;1;4.7;187.25;185.0
0;0;1;3.7;185.0;182.5
1;0;1;3.8;182.5;174.75
2;0;1;4.2;174.75;176.25
3;0;1;4.1;176.25;178.0
4;0;1;3.8;178.0;176.5
5;0;1;3.7;176.5;184.5
6;0;1;3.6;184.5;229.0
7;0;1;3.7;229.0;278.5
8;0;1;3.5;278.5;355.25
9;0;1;3.7;355.25;446.5
10;0;1;3.8;446.5;482.5
11;0;1;4.1;482.5;493.25
12;0;1;4.1;493.25;486.25
13;0;1;4.3;486.25;495.0
14;0;1;4.3;495.0;491.25
15;0;1;4.2;491.25;458.25
16;0;1;4.2;458.25;416.25
17;0;1;4.1;416.25;369.0
18;0;1;4.1;369.0;322.25
19;0;1;4.1;322.25;281.0
20;0;1;4.1;281.0;244.0
21;0;1;4.1;244.0;219.0
22;0;1;4.1;219.0;199.25
23;0;1;4.1;199.25;191.5
0;0;1;4.1;191.5;NaN
1;0;1;4.2;NaN;NaN
2;0;1;4.3;NaN;NaN
3;0;1;4.2;NaN;NaN
4;0;1;4.1;NaN;NaN
5;0;1;4.1;NaN;NaN
6;0;1;4.1;NaN;NaN
7;0;1;4.2;NaN;NaN
8;0;1;4.7;NaN;NaN
9;0;1;4.7;NaN;441.5
10;0;1;4.9;441.5;458.25
11;0;1;5.1;458.25;476.25
12;0;1;6.6;476.25;472.5
13;0;1;6.8;472.5;NaN
14;0;1;7.0;NaN;NaN
15;0;1;6.3;NaN;413.0
16;0;1;5.3;413.0;375.25
17;0;1;3.0;375.25;341.0
18;0;1;1.8;341.0;323.25
19;0;1;1.0;323.25;284.75
20;0;1;0.5;284.75;225.5
21;0;1;1.1;225.5;204.25
22;0;1;4.0;204.25;186.25
23;0;1;3.7;186.25;181.25
0;0;1;3.7;181.25;182.25
1;0;1;3.6;182.25;177.5
2;0;1;3.7;177.5;177.25
3;0;1;3.3;177.25;179.5
4;0;1;3.2;179.5;178.5
5;0;1;3.3;178.5;192.5
6;0;1;3.2;192.5;241.0
7;0;1;3.4;241.0;312.5
8;0;1;4.0;312.5;374.75
9;0;1;4.2;374.75;427.0
10;0;1;4.4;427.0;433.0
11;0;1;5.3;433.0;438.666666667
12;0;1;8.3;438.666666667;419.75
13;0;1;10.4;419.75;402.25
14;0;1;10.1;402.25;409.0
15;0;1;9.9;409.0;441.5
16;0;1;9.0;441.5;397.5
17;0;1;7.1;397.5;358.5
18;0;1;6.9;358.5;344.5
19;0;1;7.0;344.5;291.25
20;0;1;6.6;291.25;240.5
21;0;1;6.3;240.5;220.5
22;0;1;6.4;220.5;199.0
23;0;1;6.0;199.0;186.75
0;0;1;5.9;186.75;176.75
1;0;1;5.8;176.75;172.0
2;0;1;5.8;172.0;172.0
3;0;1;5.5;172.0;173.25
4;0;1;4.1;173.25;171.75
5;0;1;3.6;171.75;180.75
6;0;1;3.4;180.75;218.0
7;0;1;3.2;218.0;254.5
8;0;1;4.8;254.5;350.75
9;0;1;6.1;350.75;422.25
10;0;1;8.9;422.25;429.5
11;0;1;10.7;429.5;444.5
12;0;1;11.9;444.5;452.75
13;0;1;12.9;452.75;459.25
14;0;1;12.4;459.25;427.75
15;0;1;12.2;427.75;422.25
16;0;1;9.7;422.25;391.5
17;0;1;7.3;391.5;355.5
18;0;1;5.8;355.5;294.5
19;0;1;4.7;294.5;264.5
20;0;1;4.6;264.5;226.25
21;0;1;3.8;226.25;202.75
22;0;1;3.7;202.75;187.5
23;0;1;2.9;187.5;180.5
0;1;1;2.6;180.5;185.5
1;1;1;2.0;185.5;182.25
2;1;1;1.7;182.25;180.5
3;1;1;1.4;180.5;179.0
4;1;1;1.0;179.0;177.5
5;1;1;1.0;177.5;176.5
6;1;1;2.6;176.5;179.5
7;1;1;3.4;179.5;178.0
8;1;1;4.0;178.0;193.25
9;1;1;5.2;193.25;191.25
10;1;1;6.0;191.25;200.5
11;1;1;6.4;200.5;209.75
12;1;1;10.1;209.75;198.75
13;1;1;11.4;198.75;191.5
14;1;1;12.5;191.5;173.25
15;1;1;11.8;173.25;166.0
16;1;1;8.3;166.0;174.0
17;1;1;6.2;174.0;189.0
18;1;1;5.1;189.0;187.25
19;1;1;4.0;187.25;182.5
20;1;1;3.3;182.5;178.0
21;1;1;3.1;178.0;171.5
22;1;1;2.9;171.5;165.0
23;1;1;3.3;165.0;162.25
0;1;1;3.0;162.25;160.0
1;1;1;1.8;160.0;160.5
2;1;1;2.2;160.5;160.75
3;1;1;2.1;160.75;159.5
4;1;1;1.2;159.5;157.5
5;1;1;1.9;157.5;157.0
6;1;1;2.7;157.0;158.25
7;1;1;1.5;158.25;154.5
8;1;1;2.3;154.5;150.25
9;1;1;3.0;150.25;152.25
10;1;1;3.7;152.25;154.75
11;1;1;5.0;154.75;158.0
12;1;1;7.6;158.0;162.5
13;1;1;9.1;162.5;163.0
14;1;1;9.9;163.0;161.5
15;1;1;8.9;161.5;162.5
16;1;1;7.3;162.5;164.0
17;1;1;5.0;164.0;175.75
18;1;1;3.9;175.75;180.75
19;1;1;2.9;180.75;179.75
20;1;1;2.8;179.75;176.0
21;1;1;2.0;176.0;168.75
22;1;1;1.9;168.75;163.0
23;1;1;0.9;163.0;160.5
0;0;1;0.7;160.5;159.5
1;0;1;0.6;159.5;158.75
2;0;1;0.0;158.75;155.75
3;0;1;-0.2;155.75;155.0
4;0;1;-0.8;155.0;153.75
5;0;1;-1.3;153.75;157.75
6;0;1;-1.6;157.75;228.25
7;0;1;-1.2;228.25;291.5
8;0;1;-0.3;291.5;367.75
9;0;1;0.6;367.75;426.25
10;0;1;1.6;426.25;462.25
11;0;1;3.6;462.25;463.25
12;0;1;6.4;463.25;457.0
13;0;1;9.4;457.0;454.75
14;0;1;10.5;454.75;450.0
15;0;1;10.2;450.0;431.25
16;0;1;7.1;431.25;388.0
17;0;1;4.5;388.0;357.5
18;0;1;4.3;357.5;320.75
19;0;1;3.4;320.75;256.5
20;0;1;3.3;256.5;229.25
21;0;1;3.2;229.25;210.0
22;0;1;3.1;210.0;192.5
23;0;1;2.1;192.5;182.5
0;0;1;1.1;182.5;180.25
1;0;1;0.6;180.25;177.25
2;0;1;0.1;177.25;178.0
3;0;1;0.0;178.0;174.0
4;0;1;-0.8;174.0;171.25
5;0;1;-0.3;171.25;178.75
6;0;1;-1.1;178.75;244.5
7;0;1;-0.6;244.5;286.5
8;0;1;0.1;286.5;351.0
9;0;1;1.3;351.0;422.0
10;0;1;0.6;422.0;445.25
11;0;1;1.5;445.25;445.75
12;0;1;2.7;445.75;427.5
13;0;1;4.8;427.5;421.0
14;0;1;4.8;421.0;399.0
15;0;1;3.5;399.0;386.75
16;0;1;2.5;386.75;362.75
17;0;1;1.6;362.75;334.25
18;0;1;1.4;334.25;311.25
19;0;1;0.4;311.25;257.0
20;0;1;-0.6;257.0;232.25
21;0;1;-0.8;232.25;210.5
22;0;1;-0.8;210.5;191.25
23;0;1;-0.8;191.25;180.25
0;0;1;-0.8;180.25;178.75
1;0;1;-0.8;178.75;174.75
2;0;1;-1.3;174.75;173.0
3;0;1;-2.0;173.0;171.75
4;0;1;-1.2;171.75;168.5
5;0;1;-1.4;168.5;171.5
6;0;1;-2.2;171.5;237.0
7;0;1;-2.2;237.0;275.0
8;0;1;-2.0;275.0;354.0
9;0;1;-0.4;354.0;423.0
10;0;1;0.6;423.0;443.0
11;0;1;2.0;443.0;452.75
12;0;1;2.1;452.75;464.25
13;0;1;2.2;464.25;445.25
14;0;1;2.3;445.25;450.0
15;0;1;3.0;450.0;464.25
16;0;1;3.0;464.25;422.0
17;0;1;3.1;422.0;368.0
18;0;1;3.1;368.0;341.25
19;0;1;3.2;341.25;283.75
20;0;1;3.5;283.75;230.5
21;0;1;3.2;230.5;202.5
22;0;1;3.0;202.5;193.75
23;0;1;3.1;193.75;188.25
0;0;1;3.1;188.25;183.0
1;0;1;3.1;183.0;174.25
2;0;1;3.0;174.25;172.0
3;0;1;2.2;172.0;170.5
4;0;1;2.5;170.5;170.75
5;0;1;3.1;170.75;179.5
6;0;1;3.1;179.5;249.5
7;0;1;3.1;249.5;280.0
8;0;1;3.5;280.0;367.25
9;0;1;4.0;367.25;426.25
10;0;1;4.3;426.25;436.0
11;0;1;4.6;436.0;448.25
12;0;1;4.5;448.25;473.0
13;0;1;4.1;473.0;448.25
14;0;1;3.9;448.25;450.0
15;0;1;3.8;450.0;471.25
16;0;1;3.7;471.25;425.5
17;0;1;3.7;425.5;390.0
18;0;1;3.7;390.0;325.75
19;0;1;3.5;325.75;264.25
20;0;1;3.1;264.25;235.25
21;0;1;2.8;235.25;207.5
22;0;1;2.8;207.5;184.5
23;0;1;2.6;184.5;177.0
0;0;1;2.5;177.0;175.5
1;0;1;2.1;175.5;173.0
2;0;1;1.8;173.0;169.5
3;0;1;1.6;169.5;171.5
4;0;1;1.5;171.5;169.25
5;0;1;1.3;169.25;179.75
6;0;1;1.3;179.75;243.0
7;0;1;1.3;243.0;285.5
8;0;1;1.3;285.5;385.0
9;0;1;1.4;385.0;462.25
10;0;1;1.3;462.25;474.25
11;0;1;2.4;474.25;500.75
12;0;1;2.7;500.75;490.25
13;0;1;2.8;490.25;477.25
14;0;1;2.8;477.25;461.0
15;0;1;2.5;461.0;449.5
16;0;1;2.2;449.5;412.75
17;0;1;1.7;412.75;340.5
18;0;1;1.6;340.5;288.0
19;0;1;1.3;288.0;242.25
20;0;1;1.2;242.25;212.75
21;0;1;0.8;212.75;192.25
22;0;1;0.7;192.25;176.5
23;0;1;0.7;176.5;175.5
0;1;1;0.6;175.5;175.0
1;1;1;0.5;175.0;172.75
2;1;1;-0.1;172.75;171.0
3;1;1;-0.3;171.0;168.5
4;1;1;-0.3;168.5;168.25
5;1;1;-0.3;168.25;166.0
6;1;1;-0.3;166.0;181.25
7;1;1;-0.4;181.25;178.25
8;1;1;-0.2;178.25;187.0
9;1;1;-0.2;187.0;200.0
10;1;1;-0.1;200.0;199.5
11;1;1;0.3;199.5;204.5
12;1;1;0.8;204.5;213.0
13;1;1;0.9;213.0;208.0
14;1;1;0.8;208.0;203.5
15;1;1;0.6;203.5;205.5
16;1;1;0.1;205.5;205.5
17;1;1;-0.3;205.5;206.0
18;1;1;-0.5;206.0;205.25
19;1;1;-0.6;205.25;196.75
20;1;1;-0.8;196.75;192.5
21;1;1;-0.7;192.5;184.75
22;1;1;-0.7;184.75;181.75
23;1;1;-0.7;181.75;174.75
0;1;1;-1.1;174.75;175.25
1;1;1;-1.6;175.25;177.5
2;1;1;-1.7;177.5;176.25
3;1;1;-2.3;176.25;175.75
4;1;1;-2.5;175.75;171.75
5;1;1;-2.7;171.75;168.0
6;1;1;-3.2;168.0;177.0
7;1;1;-3.5;177.0;171.25
8;1;1;-2.7;171.25;170.75
9;1;1;-1.6;170.75;169.0
10;1;1;-0.6;169.0;170.75
11;1;1;0.3;170.75;172.0
12;1;1;1.2;172.0;176.25
13;1;1;1.5;176.25;185.75
14;1;1;1.4;185.75;184.25
15;1;1;1.4;184.25;183.0
16;1;1;0.2;183.0;185.25
17;1;1;0.4;185.25;200.75
18;1;1;0.6;200.75;206.25
19;1;1;0.6;206.25;201.75
20;1;1;-0.4;201.75;190.0
21;1;1;-1.1;190.0;184.0
22;1;1;-2.0;184.0;168.5
23;1;1;-2.3;168.5;167.5
0;0;1;-2.5;167.5;169.0
1;0;1;-3.2;169.0;164.5
2;0;1;-3.2;164.5;163.25
3;0;1;-3.2;163.25;163.5
4;0;1;-3.2;163.5;163.5
5;0;1;-3.9;163.5;176.25
6;0;1;-4.3;176.25;238.25
7;0;1;-4.1;238.25;290.25
8;0;1;-2.4;290.25;368.0
9;0;1;-1.8;368.0;428.0
10;0;1;-1.2;428.0;448.75
11;0;1;-0.3;448.75;450.0
12;0;1;1.1;450.0;461.5
13;0;1;2.5;461.5;439.25
14;0;1;1.8;439.25;418.25
15;0;1;1.6;418.25;388.75
16;0;1;0.4;388.75;356.5
17;0;1;-1.1;356.5;335.5
18;0;1;-2.1;335.5;320.75
19;0;1;-2.3;320.75;290.0
20;0;1;-2.8;290.0;255.75
21;0;1;-2.1;255.75;211.5
22;0;1;-1.9;211.5;192.5
23;0;1;-1.8;192.5;180.75
0;0;1;-2.1;180.75;178.0
1;0;1;-3.6;178.0;173.0
2;0;1;-4.6;173.0;170.5
3;0;1;-5.1;170.5;171.0
4;0;1;-5.6;171.0;170.5
5;0;1;-5.1;170.5;172.0
6;0;1;-3.0;172.0;228.0
7;0;1;-3.0;228.0;275.75
8;0;1;-2.2;275.75;354.25
9;0;1;-1.8;354.25;414.25
10;0;1;-1.2;414.25;449.0
11;0;1;-0.2;449.0;451.5
12;0;1;0.2;451.5;433.5
13;0;1;0.8;433.5;421.75
14;0;1;1.0;421.75;429.0
15;0;1;0.9;429.0;406.5
16;0;1;0.8;406.5;361.5
17;0;1;0.5;361.5;338.5
18;0;1;-0.3;338.5;322.5
19;0;1;-0.4;322.5;296.0
20;0;1;-0.7;296.0;246.5
21;0;1;-1.0;246.5;213.0
22;0;1;-0.4;213.0;201.25
23;0;1;-0.3;201.25;197.25
0;0;1;-0.4;197.25;191.25
1;0;1;-0.7;191.25;181.5
2;0;1;-0.8;181.5;180.25
3;0;1;-1.2;180.25;176.25
4;0;1;-1.2;176.25;174.75
5;0;1;-1.1;174.75;185.25
6;0;1;-1.1;185.25;227.0
7;0;1;-1.1;227.0;265.25
8;0;1;-0.3;265.25;343.0
9;0;1;1.7;343.0;411.0
10;0;1;3.7;411.0;444.5
11;0;1;5.8;444.5;455.75
12;0;1;7.5;455.75;437.5
13;0;1;7.5;437.5;439.5
14;0;1;7.0;439.5;446.25
15;0;1;6.7;446.25;428.25
16;0;1;6.4;428.25;383.0
17;0;1;3.2;383.0;350.0
18;0;1;2.0;350.0;323.0
19;0;1;1.5;323.0;279.25
20;0;1;1.4;279.25;247.75
21;0;1;1.4;247.75;210.25
22;0;1;0.7;210.25;190.0
23;0;1;0.7;190.0;186.75
0;0;1;1.0;186.75;179.5
1;0;1;1.2;179.5;174.75
2;0;1;1.5;174.75;170.75
3;0;1;1.1;170.75;169.75
4;0;1;0.8;169.75;169.5
5;0;1;1.0;169.5;180.5
6;0;1;1.6;180.5;234.0
7;0;1;1.7;234.0;278.75
8;0;1;2.5;278.75;354.5
9;0;1;2.6;354.5;416.25
10;0;1;2.8;416.25;424.75
11;0;1;2.9;424.75;440.5
12;0;1;2.9;440.5;453.0
13;0;1;2.5;453.0;456.75
14;0;1;2.1;456.75;433.5
15;0;1;1.9;433.5;415.0
16;0;1;1.8;415.0;346.5
17;0;1;1.1;346.5;315.75
18;0;1;0.9;315.75;307.25
19;0;1;0.9;307.25;268.0
20;0;1;0.9;268.0;241.25
21;0;1;0.7;241.25;220.25
22;0;1;0.2;220.25;193.5
23;0;1;0.0;193.5;186.25
0;0;1;0.0;186.25;185.75
1;0;1;-0.1;185.75;174.75
2;0;1;0.0;174.75;172.75
3;0;1;-0.1;172.75;175.0
4;0;1;-0.5;175.0;172.25
5;0;1;-0.9;172.25;186.5
6;0;1;-0.9;186.5;236.75
7;0;1;-1.0;236.75;283.5
8;0;1;-0.9;283.5;361.75
9;0;1;-1.4;361.75;457.5
10;0;1;-1.8;457.5;469.75
11;0;1;-1.3;469.75;483.75
12;0;1;-0.8;483.75;482.5
13;0;1;-0.4;482.5;470.75
14;0;1;0.0;470.75;457.75
15;0;1;0.1;457.75;445.25
16;0;1;-0.2;445.25;380.25
17;0;1;-0.6;380.25;343.75
18;0;1;-0.5;343.75;293.25
19;0;1;-0.3;293.25;242.5
20;0;1;-0.6;242.5;225.75
21;0;1;-0.1;225.75;212.5
22;0;1;-0.1;212.5;190.5
23;0;1;-0.1;190.5;188.25
0;1;1;-0.6;188.25;188.0
1;1;1;-1.0;188.0;183.5
2;1;1;-1.2;183.5;177.0
3;1;1;-2.0;177.0;177.5
4;1;1;-2.1;177.5;174.5
5;1;1;-2.5;174.5;171.25
6;1;1;-2.8;171.25;185.25
7;1;1;-3.1;185.25;188.75
8;1;1;-2.2;188.75;182.5
9;1;1;-1.7;182.5;184.25
10;1;1;-1.4;184.25;185.75
11;1;1;-1.2;185.75;188.75
12;1;1;-0.7;188.75;189.75
13;1;1;0.1;189.75;188.75
14;1;1;0.0;188.75;185.0
15;1;1;-0.1;185.0;192.75
16;1;1;-0.1;192.75;191.5
17;1;1;-0.2;191.5;197.0
18;1;1;-0.2;197.0;192.5
19;1;1;-0.4;192.5;190.0
20;1;1;-0.5;190.0;187.25
21;1;1;-0.7;187.25;185.0
22;1;1;-1.0;185.0;186.5
23;1;1;-1.1;186.5;181.75
0;1;1;-1.2;181.75;182.75
1;1;1;-1.2;182.75;177.75
2;1;1;-1.2;177.75;174.25
3;1;1;-1.4;174.25;170.75
4;1;1;-1.5;170.75;169.0
5;1;1;-1.8;169.0;167.75
6;1;1;-1.9;167.75;172.5
7;1;1;-2.0;172.5;171.0
8;1;1;-1.3;171.0;168.25
9;1;1;-1.1;168.25;169.75
10;1;1;-0.9;169.75;168.25
11;1;1;-0.2;168.25;170.75
12;1;1;-0.1;170.75;174.0
13;1;1;0.0;174.0;177.0
14;1;1;0.0;177.0;182.75
15;1;1;-0.1;182.75;190.75
16;1;1;-0.2;190.75;187.0
17;1;1;-0.3;187.0;188.75
18;1;1;-0.5;188.75;186.0
19;1;1;-0.8;186.0;182.5
20;1;1;-0.8;182.5;180.75
21;1;1;-0.9;180.75;179.25
22;1;1;-1.1;179.25;176.0
23;1;1;-1.2;176.0;170.5
0;0;1;-1.0;170.5;167.0
1;0;1;-1.0;167.0;167.75
2;0;1;-1.1;167.75;166.75
3;0;1;-1.0;166.75;165.0
4;0;1;-1.2;165.0;165.0
5;0;1;-1.4;165.0;171.5
6;0;1;-1.4;171.5;230.75
7;0;1;-1.4;230.75;277.5
8;0;1;-1.4;277.5;349.25
9;0;1;-1.4;349.25;398.75
10;0;1;-1.1;398.75;423.25
11;0;1;-0.8;423.25;426.5
12;0;1;-0.7;426.5;444.25
13;0;1;-0.5;444.25;457.25
14;0;1;-0.4;457.25;437.25
15;0;1;-0.5;437.25;414.5
16;0;1;-0.9;414.5;354.5
17;0;1;-1.2;354.5;313.25
18;0;1;-1.2;313.25;295.5
19;0;1;-1.4;295.5;257.5
20;0;1;-1.7;257.5;242.75
21;0;1;-1.9;242.75;236.0
22;0;1;-1.9;236.0;215.25
23;0;1;-2.0;215.25;205.25
0;0;2;-2.0;205.25;197.75
1;0;2;-2.2;197.75;189.25
2;0;2;-2.2;189.25;186.75
3;0;2;-2.2;186.75;188.0
4;0;2;-2.3;188.0;183.5
5;0;2;-2.3;183.5;190.0
6;0;2;-2.4;190.0;259.75
7;0;2;-2.6;259.75;289.5
8;0;2;-2.1;289.5;336.0
9;0;2;-1.9;336.0;398.25
10;0;2;-1.9;398.25;397.5
11;0;2;-1.7;397.5;415.25
12;0;2;-1.4;415.25;436.0
13;0;2;-1.3;436.0;429.75
14;0;2;-1.3;429.75;421.0
15;0;2;-1.6;421.0;393.25
16;0;2;-2.2;393.25;345.75
17;0;2;-3.0;345.75;306.5
18;0;2;-3.3;306.5;277.5
19;0;2;-3.9;277.5;249.25
20;0;2;-4.0;249.25;230.25
21;0;2;-3.9;230.25;219.0
22;0;2;-3.7;219.0;198.75
23;0;2;-3.6;198.75;185.25
0;0;2;-3.7;185.25;181.5
1;0;2;-3.7;181.5;181.0
2;0;2;-3.6;181.0;180.0
3;0;2;-3.5;180.0;181.0
4;0;2;-3.5;181.0;178.75
5;0;2;-3.3;178.75;184.0
6;0;2;-3.6;184.0;243.25
7;0;2;-3.6;243.25;286.25
8;0;2;-3.2;286.25;334.5
9;0;2;-3.2;334.5;374.25
10;0;2;-2.8;374.25;404.75
11;0;2;-2.5;404.75;419.75
12;0;2;-2.2;419.75;433.0
13;0;2;-2.1;433.0;417.25
14;0;2;-2.2;417.25;413.75
15;0;2;-2.1;413.75;397.25
16;0;2;-2.5;397.25;333.5
17;0;2;-3.1;333.5;308.5
18;0;2;-4.2;308.5;282.5
19;0;2;-5.0;282.5;246.25
20;0;2;-5.0;246.25;225.0
21;0;2;-3.7;225.0;207.0
22;0;2;-2.3;207.0;191.5
23;0;2;-2.1;191.5;186.75
0;0;2;-2.0;186.75;184.5
1;0;2;-2.0;184.5;183.0
2;0;2;-2.7;183.0;182.5
3;0;2;-2.7;182.5;186.25
4;0;2;-2.5;186.25;186.75
5;0;2;-2.3;186.75;191.0
6;0;2;-2.3;191.0;250.25
7;0;2;-2.3;250.25;281.5
8;0;2;-1.6;281.5;328.75
9;0;2;-1.0;328.75;388.5
10;0;2;-0.4;388.5;391.0
11;0;2;-0.2;391.0;401.75
12;0;2;0.5;401.75;415.0
13;0;2;1.5;415.0;408.5
14;0;2;1.6;408.5;376.25
15;0;2;1.4;376.25;356.75
16;0;2;0.1;356.75;316.25
17;0;2;-0.9;316.25;301.0
18;0;2;-2.0;301.0;273.0
19;0;2;-2.7;273.0;242.5
20;0;2;-3.5;242.5;230.0
21;0;2;-4.3;230.0;220.25
22;0;2;-4.5;220.25;199.5
23;0;2;-4.7;199.5;194.0
0;0;2;-5.3;194.0;186.75
1;0;2;-4.8;186.75;183.0
2;0;2;-4.4;183.0;179.0
3;0;2;-4.5;179.0;177.75
4;0;2;-4.1;177.75;177.5
5;0;2;-3.4;177.5;187.5
6;0;2;-4.4;187.5;237.75
7;0;2;-4.5;237.75;270.75
8;0;2;-3.3;270.75;320.5
9;0;2;0.5;320.5;343.0
10;0;2;2.4;343.0;351.75
11;0;2;4.2;351.75;384.5
12;0;2;5.1;384.5;360.0
13;0;2;6.9;360.0;362.0
14;0;2;7.4;362.0;350.75
15;0;2;7.2;350.75;333.5
16;0;2;6.4;333.5;286.25
17;0;2;4.7;286.25;277.5
18;0;2;0.6;277.5;254.5
19;0;2;-0.2;254.5;222.75
20;0;2;-0.7;222.75;204.75
21;0;2;-1.4;204.75;191.0
22;0;2;-1.7;191.0;174.5
23;0;2;-1.4;174.5;171.0
0;1;2;-2.1;171.0;175.0
1;1;2;-2.2;175.0;173.25
2;1;2;-1.7;173.25;172.5
3;1;2;-2.2;172.5;170.75
4;1;2;-2.4;170.75;168.25
5;1;2;-3.0;168.25;168.25
6;1;2;-3.0;168.25;178.0
7;1;2;-2.8;178.0;189.75
8;1;2;-0.7;189.75;182.25
9;1;2;2.0;182.25;185.25
10;1;2;5.0;185.25;184.5
11;1;2;6.4;184.5;184.75
12;1;2;9.6;184.75;185.0
13;1;2;12.8;185.0;185.75
14;1;2;15.1;185.75;187.5
15;1;2;14.8;187.5;181.0
16;1;2;12.7;181.0;181.25
17;1;2;5.3;181.25;181.25
18;1;2;3.4;181.25;186.75
19;1;2;1.4;186.75;185.25
20;1;2;1.1;185.25;179.75
21;1;2;0.2;179.75;179.0
22;1;2;-0.6;179.0;177.25
23;1;2;-1.1;177.25;174.75
0;1;2;-1.4;174.75;173.25
1;1;2;-2.1;173.25;174.75
2;1;2;-2.3;174.75;169.5
3;1;2;-2.2;169.5;170.25
4;1;2;-2.3;170.25;169.25
5;1;2;-2.9;169.25;170.25
6;1;2;-2.9;170.25;177.5
7;1;2;-2.8;177.5;170.75
8;1;2;1.1;170.75;171.5
9;1;2;4.8;171.5;172.5
10;1;2;7.2;172.5;172.75
11;1;2;10.2;172.75;174.75
12;1;2;11.5;174.75;176.0
13;1;2;12.4;176.0;178.25
14;1;2;13.5;178.25;179.0
15;1;2;13.3;179.0;180.25
16;1;2;11.3;180.25;175.25
17;1;2;5.5;175.25;185.25
18;1;2;3.5;185.25;191.0
19;1;2;2.5;191.0;188.25
20;1;2;2.2;188.25;184.25
21;1;2;1.8;184.25;178.0
22;1;2;1.3;178.0;170.5
23;1;2;0.6;170.5;168.75
0;0;2;0.0;168.75;166.0
1;0;2;-0.7;166.0;168.25
2;0;2;-1.4;168.25;167.5
3;0;2;-1.6;167.5;166.75
4;0;2;-2.0;166.75;167.75
5;0;2;-2.4;167.75;177.0
6;0;2;-2.5;177.0;215.25
7;0;2;-2.2;215.25;268.25
8;0;2;1.2;268.25;303.25
9;0;2;4.0;303.25;377.75
10;0;2;6.8;377.75;366.75
11;0;2;9.6;366.75;366.5
12;0;2;13.5;366.5;384.75
13;0;2;15.6;384.75;381.25
14;0;2;17.0;381.25;372.0
15;0;2;16.5;372.0;365.0
16;0;2;13.9;365.0;300.75
17;0;2;7.2;300.75;293.75
18;0;2;4.6;293.75;265.25
19;0;2;3.6;265.25;238.0
20;0;2;3.5;238.0;222.75
21;0;2;2.5;222.75;213.75
22;0;2;1.5;213.75;196.25
23;0;2;0.6;196.25;185.5
0;0;2;0.4;185.5;181.0
1;0;2;-0.8;181.0;178.0
2;0;2;-1.6;178.0;177.25
3;0;2;-1.9;177.25;179.0
4;0;2;-2.4;179.0;178.5
5;0;2;-2.7;178.5;186.5
6;0;2;-2.8;186.5;234.0
7;0;2;-2.6;234.0;292.25
8;0;2;1.5;292.25;317.75
9;0;2;3.9;317.75;344.75
10;0;2;7.8;344.75;363.75
11;0;2;10.4;363.75;361.0
12;0;2;12.2;361.0;362.0
13;0;2;14.6;362.0;375.25
14;0;2;14.7;375.25;353.5
15;0;2;14.8;353.5;345.75
16;0;2;13.3;345.75;294.25
17;0;2;10.4;294.25;276.5
18;0;2;8.2;276.5;265.0
19;0;2;6.4;265.0;233.0
20;0;2;6.3;233.0;218.75
21;0;2;8.4;218.75;211.25
22;0;2;7.7;211.25;191.5
23;0;2;6.7;191.5;185.0
0;0;2;4.5;185.0;181.5
1;0;2;2.4;181.5;179.0
2;0;2;2.7;179.0;176.5
3;0;2;2.4;176.5;176.0
4;0;2;1.6;176.0;176.25
5;0;2;1.6;176.25;182.5
6;0;2;1.4;182.5;230.75
7;0;2;2.2;230.75;274.5
8;0;2;5.7;274.5;319.5
9;0;2;7.5;319.5;376.25
10;0;2;8.7;376.25;378.75
11;0;2;10.6;378.75;398.25
12;0;2;10.9;398.25;414.75
13;0;2;11.4;414.75;398.0
14;0;2;11.8;398.0;403.75
15;0;2;11.6;403.75;372.0
16;0;2;10.5;372.0;306.75
17;0;2;7.4;306.75;280.5
18;0;2;4.6;280.5;269.5
19;0;2;3.3;269.5;243.75
20;0;2;2.8;243.75;223.25
21;0;2;1.9;223.25;209.5
22;0;2;1.8;209.5;192.25
23;0;2;1.2;192.25;184.0
0;0;2;0.7;184.0;183.75
1;0;2;0.0;183.75;179.5
2;0;2;-0.3;179.5;179.25
3;0;2;-0.5;179.25;179.0
4;0;2;-1.2;179.0;178.0
5;0;2;-1.3;178.0;186.75
6;0;2;-1.4;186.75;228.5
7;0;2;-1.4;228.5;273.0
8;0;2;2.3;273.0;310.0
9;0;2;4.6;310.0;382.0
10;0;2;6.6;382.0;390.25
11;0;2;8.6;390.25;392.0
12;0;2;9.7;392.0;385.25
13;0;2;10.2;385.25;374.0
14;0;2;10.1;374.0;338.75
15;0;2;10.4;338.75;326.75
16;0;2;8.8;326.75;294.75
17;0;2;5.9;294.75;280.5
18;0;2;3.7;280.5;265.5
19;0;2;3.0;265.5;244.5
20;0;2;2.3;244.5;230.5
21;0;2;2.0;230.5;221.75
22;0;2;1.5;221.75;203.0
23;0;2;0.4;203.0;194.5
0;0;2;0.0;194.5;195.75
1;0;2;-1.0;195.75;186.75
2;0;2;-1.4;186.75;186.5
3;0;2;-1.9;186.5;186.0
4;0;2;-2.1;186.0;184.5
5;0;2;-2.5;184.5;182.75
6;0;2;-2.9;182.75;223.0
7;0;2;-2.1;223.0;261.25
8;0;2;-0.2;261.25;324.75
9;0;2;4.8;324.75;346.0
10;0;2;10.1;346.0;358.0
11;0;2;11.8;358.0;380.0
12;0;2;13.0;380.0;381.5
13;0;2;14.9;381.5;370.5
14;0;2;16.0;370.5;364.75
15;0;2;14.4;364.75;331.0
16;0;2;12.9;331.0;287.5
17;0;2;11.1;287.5;278.75
18;0;2;10.0;278.75;256.75
19;0;2;9.0;256.75;228.0
20;0;2;8.0;228.0;202.0
21;0;2;8.1;202.0;196.0
22;0;2;9.0;196.0;189.5
23;0;2;9.0;189.5;184.5
0;1;2;8.8;184.5;181.0
1;1;2;8.2;181.0;179.0
2;1;2;8.1;179.0;177.5
3;1;2;8.9;177.5;175.75
4;1;2;8.0;175.75;174.5
5;1;2;8.9;174.5;174.75
6;1;2;8.9;174.75;179.25
7;1;2;9.6;179.25;170.75
8;1;2;11.0;170.75;173.25
9;1;2;11.3;173.25;174.5
10;1;2;8.7;174.5;180.5
11;1;2;7.6;180.5;189.25
12;1;2;7.3;189.25;194.75
13;1;2;6.2;194.75;198.25
14;1;2;5.1;198.25;199.0
15;1;2;4.5;199.0;200.0
16;1;2;4.5;200.0;198.75
17;1;2;4.6;198.75;204.0
18;1;2;3.9;204.0;202.0
19;1;2;3.7;202.0;199.0
20;1;2;3.6;199.0;191.25
21;1;2;3.6;191.25;185.75
22;1;2;3.4;185.75;186.25
23;1;2;3.0;186.25;185.25
0;1;2;2.6;185.25;187.75
1;1;2;2.7;187.75;188.0
2;1;2;2.7;188.0;187.5
3;1;2;2.1;187.5;188.75
4;1;2;1.9;188.75;186.0
5;1;2;1.9;186.0;185.75
6;1;2;2.1;185.75;185.0
7;1;2;2.4;185.0;176.25
8;1;2;3.0;176.25;175.25
9;1;2;3.4;175.25;176.5
10;1;2;3.7;176.5;176.25
11;1;2;3.8;176.25;180.25
12;1;2;3.9;180.25;182.75
13;1;2;4.0;182.75;183.5
14;1;2;4.0;183.5;184.0
15;1;2;3.8;184.0;182.25
16;1;2;2.7;182.25;184.25
17;1;2;1.8;184.25;191.0
18;1;2;1.8;191.0;196.0
19;1;2;1.9;196.0;188.75
20;1;2;1.8;188.75;185.25
21;1;2;1.6;185.25;183.5
22;1;2;1.0;183.5;185.25
23;1;2;1.2;185.25;185.0
0;0;2;1.2;185.0;185.5
1;0;2;1.2;185.5;181.5
2;0;2;1.1;181.5;178.75
3;0;2;1.1;178.75;179.75
4;0;2;1.2;179.75;180.75
5;0;2;1.2;180.75;188.0
6;0;2;1.2;188.0;247.25
7;0;2;1.4;247.25;286.5
8;0;2;1.7;286.5;381.5
9;0;2;2.0;381.5;429.5
10;0;2;2.1;429.5;458.0
11;0;2;2.0;458.0;478.75
12;0;2;2.0;478.75;491.25
13;0;2;2.1;491.25;477.5
14;0;2;2.1;477.5;481.5
15;0;2;2.1;481.5;476.0
16;0;2;1.9;476.0;424.5
17;0;2;1.2;424.5;372.25
18;0;2;1.0;372.25;325.0
19;0;2;1.0;325.0;276.5
20;0;2;0.8;276.5;248.5
21;0;2;0.9;248.5;228.5
22;0;2;0.9;228.5;214.5
23;0;2;0.9;214.5;205.75
0;0;2;0.8;205.75;198.0
1;0;2;0.6;198.0;192.0
2;0;2;0.1;192.0;187.25
3;0;2;0.1;187.25;187.0
4;0;2;0.1;187.0;186.75
5;0;2;0.1;186.75;189.0
6;0;2;0.2;189.0;260.5
7;0;2;0.6;260.5;285.25
8;0;2;0.6;285.25;372.75
9;0;2;0.8;372.75;443.75
10;0;2;0.7;443.75;485.75
11;0;2;0.7;485.75;500.75
12;0;2;0.6;500.75;523.5
13;0;2;0.7;523.5;504.0
14;0;2;0.6;504.0;503.0
15;0;2;0.6;503.0;489.75
16;0;2;0.5;489.75;427.5
17;0;2;0.3;427.5;373.0
18;0;2;0.3;373.0;339.5
19;0;2;0.4;339.5;281.5
20;0;2;0.4;281.5;248.0
21;0;2;0.4;248.0;229.5
22;0;2;0.4;229.5;215.5
23;0;2;0.4;215.5;209.75
0;0;2;0.3;209.75;202.25
1;0;2;0.4;202.25;199.75
2;0;2;0.5;199.75;194.0
3;0;2;0.2;194.0;193.75
4;0;2;0.0;193.75;193.75
5;0;2;0.2;193.75;197.0
6;0;2;0.4;197.0;254.5
7;0;2;0.7;254.5;303.0
8;0;2;1.7;303.0;375.25
9;0;2;2.3;375.25;444.0
10;0;2;2.0;444.0;453.5
11;0;2;2.5;453.5;480.25
12;0;2;2.9;480.25;465.25
13;0;2;3.0;465.25;455.75
14;0;2;3.1;455.75;477.25
15;0;2;3.2;477.25;452.75
16;0;2;3.3;452.75;406.5
17;0;2;3.6;406.5;375.25
18;0;2;4.2;375.25;333.0
19;0;2;4.5;333.0;282.5
20;0;2;4.7;282.5;238.25
21;0;2;4.6;238.25;221.5
22;0;2;4.2;221.5;202.25
23;0;2;4.6;202.25;194.5
0;0;2;4.8;194.5;192.75
1;0;2;4.3;192.75;191.25
2;0;2;4.0;191.25;189.0
3;0;2;3.7;189.0;190.25
4;0;2;3.4;190.25;189.25
5;0;2;2.9;189.25;191.75
6;0;2;2.7;191.75;255.0
7;0;2;2.0;255.0;306.5
8;0;2;2.2;306.5;375.5
9;0;2;2.2;375.5;427.5
10;0;2;2.1;427.5;468.0
11;0;2;2.4;468.0;483.25
12;0;2;3.0;483.25;484.5
13;0;2;3.5;484.5;479.0
14;0;2;3.8;479.0;479.25
15;0;2;4.2;479.25;462.75
16;0;2;4.0;462.75;419.25
17;0;2;3.8;419.25;372.0
18;0;2;3.8;372.0;364.5
19;0;2;3.8;364.5;317.25
20;0;2;3.9;317.25;252.5
21;0;2;4.1;252.5;224.5
22;0;2;4.0;224.5;203.75
23;0;2;4.0;203.75;193.75
0;0;2;4.0;193.75;190.0
1;0;2;3.8;190.0;184.0
2;0;2;3.5;184.0;183.5
3;0;2;3.4;183.5;182.5
4;0;2;3.2;182.5;182.75
5;0;2;3.0;182.75;186.25
6;0;2;2.9;186.25;247.25
7;0;2;2.9;247.25;293.0
8;0;2;3.1;293.0;354.5
9;0;2;3.1;354.5;436.25
10;0;2;3.1;436.25;461.5
11;0;2;3.8;461.5;491.0
12;0;2;4.2;491.0;491.5
13;0;2;4.6;491.5;478.75
14;0;2;4.6;478.75;468.0
15;0;2;4.3;468.0;443.75
16;0;2;4.1;443.75;392.5
17;0;2;3.5;392.5;337.75
18;0;2;3.5;337.75;303.5
19;0;2;3.6;303.5;271.25
20;0;2;3.6;271.25;251.0
21;0;2;3.6;251.0;225.25
22;0;2;3.5;225.25;187.5
23;0;2;4.0;187.5;182.25
0;1;2;3.8;182.25;186.0
1;1;2;4.1;186.0;186.75
2;1;2;3.9;186.75;185.25
3;1;2;3.5;185.25;177.25
4;1;2;2.7;177.25;174.5
5;1;2;0.9;174.5;176.0
6;1;2;0.2;176.0;184.5
7;1;2;0.8;184.5;164.25
8;1;2;2.7;164.25;155.0
9;1;2;4.8;155.0;158.25
10;1;2;5.2;158.25;164.75
11;1;2;5.8;164.75;165.25
12;1;2;6.8;165.25;164.75
13;1;2;7.3;164.75;157.5
14;1;2;7.4;157.5;160.25
15;1;2;7.9;160.25;158.5
16;1;2;6.9;158.5;149.5
17;1;2;5.9;149.5;161.75
18;1;2;5.9;161.75;168.25
19;1;2;5.4;168.25;171.5
20;1;2;5.0;171.5;166.25
21;1;2;4.9;166.25;154.5
22;1;2;4.7;154.5;151.5
23;1;2;3.9;151.5;151.25
0;1;2;3.8;151.25;152.5
1;1;2;1.9;152.5;151.75
2;1;2;1.1;151.75;151.75
3;1;2;0.6;151.75;151.75
4;1;2;-0.4;151.75;148.25
5;1;2;-0.6;148.25;146.25
6;1;2;-0.4;146.25;146.0
7;1;2;0.6;146.0;142.75
8;1;2;2.5;142.75;142.5
9;1;2;3.2;142.5;141.25
10;1;2;4.8;141.25;158.25
11;1;2;5.7;158.25;179.5
12;1;2;6.0;179.5;186.5
13;1;2;7.0;186.5;188.25
14;1;2;6.5;188.25;185.5
15;1;2;6.2;185.5;185.75
16;1;2;5.8;185.75;185.25
17;1;2;4.8;185.25;194.25
18;1;2;3.8;194.25;202.75
19;1;2;3.3;202.75;209.5
20;1;2;3.1;209.5;202.75
21;1;2;2.7;202.75;198.25
22;1;2;2.3;198.25;193.25
23;1;2;2.0;193.25;188.75
0;0;2;1.8;188.75;189.5
1;0;2;0.7;189.5;185.5
2;0;2;0.7;185.5;184.25
3;0;2;0.3;184.25;184.25
4;0;2;0.1;184.25;180.0
5;0;2;-1.1;180.0;188.25
6;0;2;-1.5;188.25;239.0
7;0;2;-1.7;239.0;280.0
8;0;2;-1.3;280.0;372.25
9;0;2;-1.1;372.25;443.25
10;0;2;-0.5;443.25;465.5
11;0;2;-0.2;465.5;462.75
12;0;2;-0.1;462.75;490.5
13;0;2;-0.2;490.5;475.0
14;0;2;-0.1;475.0;477.25
15;0;2;-0.9;477.25;443.0
16;0;2;-0.9;443.0;396.0
17;0;2;-1.1;396.0;359.75
18;0;2;-1.1;359.75;334.5
19;0;2;-1.4;334.5;303.5
20;0;2;-1.5;303.5;258.75
21;0;2;-1.8;258.75;228.25
22;0;2;-1.9;228.25;212.0
23;0;2;-2.2;212.0;204.5
0;0;2;-2.2;204.5;198.5
1;0;2;-2.2;198.5;191.25
2;0;2;-2.8;191.25;190.75
3;0;2;-3.1;190.75;187.25
4;0;2;-2.6;187.25;187.5
5;0;2;-2.6;187.5;190.5
6;0;2;-2.6;190.5;247.5
7;0;2;-2.8;247.5;286.75
8;0;2;-2.3;286.75;362.0
9;0;2;-2.0;362.0;423.75
10;0;2;-1.4;423.75;431.25
11;0;2;-1.5;431.25;447.5
12;0;2;-1.4;447.5;464.25
13;0;2;-0.8;464.25;458.0
14;0;2;-0.7;458.0;458.25
15;0;2;-0.4;458.25;435.75
16;0;2;-0.4;435.75;410.5
17;0;2;-0.6;410.5;374.75
18;0;2;-0.8;374.75;330.25
19;0;2;-1.1;330.25;275.5
20;0;2;-1.2;275.5;230.0
21;0;2;-1.2;230.0;212.5
22;0;2;-1.6;212.5;198.75
23;0;2;-1.8;198.75;188.25
0;0;2;-1.9;188.25;186.25
1;0;2;-2.3;186.25;180.5
2;0;2;-2.4;180.5;181.25
3;0;2;-2.6;181.25;181.25
4;0;2;-3.4;181.25;181.5
5;0;2;-3.9;181.5;187.75
6;0;2;-5.4;187.75;236.25
7;0;2;-5.4;236.25;278.5
8;0;2;-5.0;278.5;352.75
9;0;2;-4.0;352.75;391.75
10;0;2;-3.3;391.75;402.75
11;0;2;-2.2;402.75;404.25
12;0;2;-1.3;404.25;414.0
13;0;2;-1.3;414.0;411.75
14;0;2;-0.6;411.75;395.25
15;0;2;-0.5;395.25;402.75
16;0;2;-0.8;402.75;358.0
17;0;2;-1.4;358.0;336.0
18;0;2;-1.6;336.0;323.0
19;0;2;-2.4;323.0;257.75
20;0;2;-3.4;257.75;226.0
21;0;2;-3.9;226.0;206.75
22;0;2;-4.4;206.75;195.5
23;0;2;-6.0;195.5;187.5
0;0;2;-6.4;187.5;182.25
1;0;2;-7.0;182.25;176.0
2;0;2;-7.2;176.0;174.0
3;0;2;-7.2;174.0;174.75
4;0;2;-6.6;174.75;175.75
5;0;2;-6.9;175.75;183.25
6;0;2;-7.0;183.25;222.75
7;0;2;-5.4;222.75;268.5
8;0;2;-4.4;268.5;347.5
9;0;2;-3.1;347.5;403.25
10;0;2;-1.6;403.25;404.5
11;0;2;-0.1;404.5;402.5
12;0;2;0.0;402.5;425.0
13;0;2;1.2;425.0;418.25
14;0;2;1.4;418.25;415.75
15;0;2;1.4;415.75;382.0
16;0;2;0.9;382.0;356.25
17;0;2;-0.2;356.25;338.25
18;0;2;-1.6;338.25;342.75
19;0;2;-2.9;342.75;295.0
20;0;2;-4.1;295.0;248.75
21;0;2;-4.8;248.75;221.75
22;0;2;-5.7;221.75;201.75
23;0;2;-6.3;201.75;194.0
0;0;2;-6.6;194.0;189.0
1;0;2;-6.8;189.0;184.0
2;0;2;-7.2;184.0;179.5
3;0;2;-7.4;179.5;180.5
4;0;2;-7.6;180.5;180.75
5;0;2;-7.9;180.75;186.0
6;0;2;-8.2;186.0;243.25
7;0;2;-6.7;243.25;264.75
8;0;2;-2.4;264.75;353.75
9;0;2;-1.1;353.75;394.25
10;0;2;0.5;394.25;411.75
11;0;2;1.2;411.75;445.5
12;0;2;1.8;445.5;441.75
13;0;2;1.8;441.75;429.25
14;0;2;2.4;429.25;392.0
15;0;2;1.8;392.0;352.0
16;0;2;0.8;352.0;332.5
17;0;2;-0.3;332.5;310.5
18;0;2;-0.9;310.5;285.5
19;0;2;-0.5;285.5;248.0
20;0;2;-0.3;248.0;223.0
21;0;2;-0.3;223.0;216.0
22;0;2;-0.4;216.0;202.5
23;0;2;-1.1;202.5;192.0
0;1;2;-1.4;192.0;192.25
1;1;2;-1.6;192.25;190.25
2;1;2;-1.3;190.25;184.25
3;1;2;-1.4;184.25;181.25
4;1;2;-1.4;181.25;176.75
5;1;2;-1.4;176.75;177.0
6;1;2;-1.4;177.0;180.75
7;1;2;-1.4;180.75;173.25
8;1;2;-1.3;173.25;180.75
9;1;2;-0.5;180.75;201.25
10;1;2;-0.4;201.25;207.5
11;1;2;-0.2;207.5;205.0
12;1;2;0.5;205.0;196.75
13;1;2;1.6;196.75;192.25
14;1;2;1.5;192.25;190.5
15;1;2;1.5;190.5;190.25
16;1;2;1.1;190.25;188.25
17;1;2;-0.2;188.25;189.25
18;1;2;-1.3;189.25;199.25
19;1;2;-2.6;199.25;194.25
20;1;2;-3.1;194.25;192.0
21;1;2;-3.9;192.0;187.75
22;1;2;-3.7;187.75;180.5
23;1;2;-3.1;180.5;180.5
0;1;2;-2.6;180.5;182.25
1;1;2;-2.2;182.25;184.5
2;1;2;-2.2;184.5;185.25
3;1;2;-2.0;185.25;182.0
4;1;2;-2.0;182.0;176.5
5;1;2;-2.1;176.5;175.25
6;1;2;-2.1;175.25;175.75
7;1;2;-2.0;175.75;170.5
8;1;2;-1.8;170.5;170.75
9;1;2;-1.7;170.75;170.75
10;1;2;-1.0;170.75;175.75
11;1;2;-0.8;175.75;183.75
12;1;2;-0.8;183.75;189.25
13;1;2;-0.7;189.25;193.75
14;1;2;-0.3;193.75;192.5
15;1;2;-0.5;192.5;195.75
16;1;2;-0.7;195.75;199.0
17;1;2;-0.8;199.0;206.25
18;1;2;-0.8;206.25;218.75
19;1;2;-1.1;218.75;213.25
20;1;2;-1.2;213.25;203.5
21;1;2;-1.2;203.5;197.0
22;1;2;-1.2;197.0;189.0
23;1;2;-1.2;189.0;190.5
0;0;2;-1.2;190.5;184.75
1;0;2;-1.0;184.75;182.25
2;0;2;-1.3;182.25;181.5
3;0;2;-1.3;181.5;179.75
4;0;2;-1.3;179.75;178.75
5;0;2;-1.5;178.75;183.75
6;0;2;-1.4;183.75;243.0
7;0;2;-1.3;243.0;282.5
8;0;2;-1.3;282.5;384.5
9;0;2;-1.2;384.5;448.25
10;0;2;-1.1;448.25;484.5
11;0;2;-0.2;484.5;497.5
12;0;2;0.0;497.5;495.0
13;0;2;0.1;495.0;493.5
14;0;2;0.1;493.5;488.5
15;0;2;0.1;488.5;468.75
16;0;2;0.1;468.75;407.5
17;0;2;0.0;407.5;357.5
18;0;2;0.0;357.5;324.75
19;0;2;0.0;324.75;283.5
20;0;2;0.2;283.5;253.5
21;0;2;0.2;253.5;235.0
22;0;2;0.2;235.0;218.5
23;0;2;0.1;218.5;202.5
0;0;3;0.1;202.5;195.5
1;0;3;0.1;195.5;188.5
2;0;3;0.1;188.5;188.25
3;0;3;0.1;188.25;188.5
4;0;3;-0.2;188.5;188.5
5;0;3;-0.2;188.5;195.0
6;0;3;-0.2;195.0;247.25
7;0;3;-0.1;247.25;298.5
8;0;3;0.2;298.5;372.0
9;0;3;0.2;372.0;446.5
10;0;3;0.2;446.5;497.75
11;0;3;1.0;497.75;497.0
12;0;3;1.1;497.0;496.0
13;0;3;1.5;496.0;493.5
14;0;3;2.3;493.5;482.75
15;0;3;2.0;482.75;449.5
16;0;3;1.5;449.5;417.0
17;0;3;1.2;417.0;379.25
18;0;3;1.1;379.25;329.0
19;0;3;0.9;329.0;282.75
20;0;3;0.8;282.75;257.25
21;0;3;0.0;257.25;235.75
22;0;3;0.3;235.75;210.75
23;0;3;1.0;210.75;205.75
0;0;3;1.0;205.75;200.0
1;0;3;1.0;200.0;193.25
2;0;3;1.1;193.25;189.25
3;0;3;1.0;189.25;187.25
4;0;3;0.4;187.25;187.0
5;0;3;0.2;187.0;188.5
6;0;3;0.2;188.5;240.75
7;0;3;0.1;240.75;307.75
8;0;3;0.1;307.75;385.0
9;0;3;-0.1;385.0;447.25
10;0;3;0.4;447.25;477.0
11;0;3;0.3;477.0;482.5
12;0;3;0.8;482.5;472.0
13;0;3;0.6;472.0;471.0
14;0;3;0.5;471.0;448.25
15;0;3;-0.2;448.25;439.5
16;0;3;-0.9;439.5;418.25
17;0;3;-1.0;418.25;373.25
18;0;3;-1.1;373.25;318.5
19;0;3;-1.4;318.5;270.25
20;0;3;-1.7;270.25;239.5
21;0;3;-1.7;239.5;224.5
22;0;3;-1.8;224.5;199.75
23;0;3;-1.8;199.75;191.75
0;0;3;-1.8;191.75;188.5
1;0;3;-1.8;188.5;182.25
2;0;3;-1.9;182.25;180.75
3;0;3;-1.9;180.75;181.5
4;0;3;-1.8;181.5;181.5
5;0;3;-1.8;181.5;185.0
6;0;3;-1.9;185.0;237.5
7;0;3;-1.8;237.5;281.0
8;0;3;-1.3;281.0;373.75
9;0;3;-1.1;373.75;448.0
10;0;3;-1.0;448.0;476.75
11;0;3;-1.0;476.75;497.0
12;0;3;-0.6;497.0;488.5
13;0;3;-0.1;488.5;485.0
14;0;3;0.0;485.0;465.75
15;0;3;0.1;465.75;447.25
16;0;3;0.1;447.25;413.5
17;0;3;0.1;413.5;363.25
18;0;3;0.2;363.25;324.0
19;0;3;0.4;324.0;277.0
20;0;3;0.3;277.0;237.25
21;0;3;0.5;237.25;213.5
22;0;3;0.2;213.5;200.25
23;0;3;0.4;200.25;191.25
0;0;3;0.1;191.25;187.5
1;0;3;0.1;187.5;184.0
2;0;3;-0.1;184.0;176.75
3;0;3;-0.1;176.75;177.25
4;0;3;0.0;177.25;175.0
5;0;3;0.0;175.0;178.5
6;0;3;0.0;178.5;240.0
7;0;3;0.1;240.0;266.5
8;0;3;0.8;266.5;352.5
9;0;3;1.8;352.5;417.75
10;0;3;2.3;417.75;462.0
11;0;3;2.6;462.0;474.0
12;0;3;2.9;474.0;467.0
13;0;3;3.6;467.0;467.5
14;0;3;3.7;467.5;440.5
15;0;3;3.8;440.5;413.5
16;0;3;2.8;413.5;364.0
17;0;3;1.8;364.0;325.0
18;0;3;0.9;325.0;298.5
19;0;3;-1.1;298.5;247.0
20;0;3;-1.6;247.0;222.5
21;0;3;-2.1;222.5;213.5
22;0;3;-1.2;213.5;190.5
23;0;3;-1.9;190.5;180.25
0;1;3;-0.4;180.25;179.0
1;1;3;-0.2;179.0;182.5
2;1;3;-0.2;182.5;179.0
3;1;3;-0.2;179.0;176.25
4;1;3;0.0;176.25;174.5
5;1;3;0.0;174.5;178.2
6;1;3;0.0;178.2;182.467153285
7;1;3;0.3;182.467153285;180.390510949
8;1;3;0.3;180.390510949;183.864468864
9;1;3;0.9;183.864468864;187.583941606
10;1;3;1.5;187.583941606;196.339552239
11;1;3;2.2;196.339552239;199.452554745
12;1;3;2.8;199.452554745;206.798534799
13;1;3;2.5;206.798534799;209.335766423
14;1;3;2.8;209.335766423;207.288321168
15;1;3;2.8;207.288321168;199.671532847
16;1;3;2.7;199.671532847;195.578754579
17;1;3;2.1;195.578754579;196.834558824
18;1;3;2.0;196.834558824;201.428571429
19;1;3;1.8;201.428571429;203.642335766
20;1;3;1.1;203.642335766;195.178832117
21;1;3;-0.8;195.178832117;190.390510949
22;1;3;-1.5;190.390510949;182.675373134
23;1;3;-1.9;182.675373134;180.649635036
0;1;3;-2.3;180.649635036;181.076642336
1;1;3;-2.7;181.076642336;178.073260073
2;1;3;-2.8;178.073260073;179.452554745
3;1;3;-3.5;179.452554745;176.47810219
4;1;3;-3.5;176.47810219;173.912408759
5;1;3;-3.5;173.912408759;175.287313433
6;1;3;-2.4;175.287313433;171.959854015
7;1;3;-1.5;171.959854015;170.087912088
8;1;3;0.4;170.087912088;171.306569343
9;1;3;2.3;171.306569343;172.396363636
10;1;3;3.3;172.396363636;173.919708029
11;1;3;3.6;173.919708029;174.996336996
12;1;3;4.1;174.996336996;174.531135531
13;1;3;4.6;174.531135531;183.959854015
14;1;3;5.1;183.959854015;183.248175182
15;1;3;5.9;183.248175182;182.151515152
16;1;3;5.9;182.151515152;NaN
17;1;3;5.0;NaN;180.767241379
18;1;3;3.8;180.767241379;186.175182482
19;1;3;4.6;186.175182482;182.795620438
20;1;3;3.7;182.795620438;179.244525547
21;1;3;3.6;179.244525547;177.322344322
22;1;3;1.8;177.322344322;179.182481752
23;1;3;1.0;179.182481752;176.0
0;0;3;2.5;176.0;172.344322344
1;0;3;1.9;172.344322344;172.286764706
2;0;3;1.1;172.286764706;171.682481752
3;0;3;0.9;171.682481752;172.315018315
4;0;3;0.3;172.315018315;174.054744526
5;0;3;0.2;174.054744526;195.084249084
6;0;3;0.1;195.084249084;226.282051282
7;0;3;1.0;226.282051282;252.45620438
8;0;3;2.2;252.45620438;350.131086142
9;0;3;3.1;350.131086142;400.791970803
10;0;3;4.0;400.791970803;436.091240876
11;0;3;4.1;436.091240876;438.692307692
12;0;3;4.6;438.692307692;456.689781022
13;0;3;4.4;456.689781022;450.186131387
14;0;3;4.3;450.186131387;443.725274725
15;0;3;3.4;443.725274725;403.912408759
16;0;3;3.2;403.912408759;365.569343066
17;0;3;2.5;365.569343066;341.208029197
18;0;3;1.3;341.208029197;333.666666667
19;0;3;-1.0;333.666666667;300.379562044
20;0;3;-2.6;300.379562044;247.996254682
21;0;3;-3.5;247.996254682;210.937956204
22;0;3;-4.2;210.937956204;204.234432234
23;0;3;-4.2;204.234432234;197.799270073
0;0;3;-4.5;197.799270073;191.03649635
1;0;3;-4.6;191.03649635;187.018050542
2;0;3;-4.5;187.018050542;183.963898917
3;0;3;-4.7;183.963898917;183.329710145
4;0;3;-5.5;183.329710145;184.25631769
5;0;3;-5.4;184.25631769;195.707581227
6;0;3;-5.0;195.707581227;246.064981949
7;0;3;-2.3;246.064981949;283.614814815
8;0;3;0.8;283.614814815;360.629482072
9;0;3;2.4;360.629482072;422.022813688
10;0;3;2.9;422.022813688;415.945848375
11;0;3;4.2;415.945848375;434.482889734
12;0;3;4.8;434.482889734;440.390625
13;0;3;5.3;440.390625;438.233463035
14;0;3;5.7;438.233463035;429.922178988
15;0;3;6.2;429.922178988;390.8
16;0;3;5.1;390.8;355.933333333
17;0;3;3.5;355.933333333;331.832684825
18;0;3;1.1;331.832684825;315.847058824
19;0;3;-1.4;315.847058824;266.708
20;0;3;-1.9;266.708;244.821011673
21;0;3;-2.5;244.821011673;222.28125
22;0;3;-2.9;222.28125;201.207843137
23;0;3;-3.4;201.207843137;196.46184739
0;0;3;-3.3;196.46184739;197.019455253
1;0;3;-4.4;197.019455253;188.80859375
2;0;3;-4.8;188.80859375;186.876494024
3;0;3;-5.1;186.876494024;186.86770428
4;0;3;-5.2;186.86770428;187.13229572
5;0;3;-5.8;187.13229572;205.49609375
6;0;3;-5.7;205.49609375;243.1875
7;0;3;-2.3;243.1875;277.30078125
8;0;3;0.9;277.30078125;361.856031128
9;0;3;2.6;361.856031128;405.642023346
10;0;3;4.1;405.642023346;430.31640625
11;0;3;5.8;430.31640625;447.081712062
12;0;3;6.8;447.081712062;457.90625
13;0;3;7.9;457.90625;461.0703125
14;0;3;8.6;461.0703125;447.02734375
15;0;3;9.2;447.02734375;431.05859375
16;0;3;8.7;431.05859375;360.151750973
17;0;3;6.8;360.151750973;338.345098039
18;0;3;2.7;338.345098039;336.25
19;0;3;1.3;336.25;276.04296875
20;0;3;0.0;276.04296875;241.910505837
21;0;3;-0.3;241.910505837;221.132
22;0;3;-0.6;221.132;207.21875
23;0;3;-1.3;207.21875;203.054474708
0;0;3;-1.3;203.054474708;197.765625
1;0;3;-2.0;197.765625;195.73151751
2;0;3;-2.8;195.73151751;195.62890625
3;0;3;-2.7;195.62890625;194.1875
4;0;3;-3.2;194.1875;192.941634241
5;0;3;-3.3;192.941634241;200.98046875
6;0;3;-3.2;200.98046875;241.921875
7;0;3;-1.2;241.921875;285.902723735
8;0;3;2.8;285.902723735;353.6796875
9;0;3;5.0;353.6796875;396.747081712
10;0;3;7.2;396.747081712;424.296875
11;0;3;9.7;424.296875;442.848249027
12;0;3;12.7;442.848249027;436.726190476
13;0;3;14.4;436.726190476;430.792156863
14;0;3;15.7;430.792156863;408.175097276
15;0;3;16.1;408.175097276;391.6015625
16;0;3;15.9;391.6015625;356.26
17;0;3;11.5;356.26;337.01953125
18;0;3;8.3;337.01953125;336.76171875
19;0;3;5.4;336.76171875;302.57421875
20;0;3;4.0;302.57421875;238.105058366
21;0;3;2.7;238.105058366;215.819607843
22;0;3;4.6;215.819607843;204.13671875
23;0;3;7.7;204.13671875;197.62109375
0;0;3;6.2;197.62109375;195.435797665
1;0;3;2.4;195.435797665;188.031128405
2;0;3;0.3;188.031128405;186.175097276
3;0;3;-0.5;186.175097276;184.6875
4;0;3;-1.1;184.6875;184.266932271
5;0;3;-0.2;184.266932271;201.3125
6;0;3;-0.4;201.3125;234.234375
7;0;3;2.8;234.234375;275.3125
8;0;3;8.8;275.3125;340.15234375
9;0;3;11.8;340.15234375;400.65234375
10;0;3;13.3;400.65234375;437.221789883
11;0;3;13.9;437.221789883;454.233463035
12;0;3;15.4;454.233463035;440.274509804
13;0;3;16.9;440.274509804;427.774319066
14;0;3;17.8;427.774319066;417.098039216
15;0;3;17.9;417.098039216;395.326848249
16;0;3;16.8;395.326848249;355.0078125
17;0;3;15.0;355.0078125;321.241245136
18;0;3;13.5;321.241245136;307.01953125
19;0;3;11.8;307.01953125;275.25
20;0;3;11.4;275.25;233.717647059
21;0;3;9.6;233.717647059;209.0546875
22;0;3;8.4;209.0546875;201.163424125
23;0;3;7.4;201.163424125;194.34765625
0;1;3;7.2;194.34765625;193.276264591
1;1;3;6.1;193.276264591;191.984375
2;1;3;6.0;191.984375;190.417670683
3;1;3;4.9;190.417670683;183.49609375
4;1;3;3.8;183.49609375;183.21875
5;1;3;3.6;183.21875;184.019685039
6;1;3;0.4;184.019685039;189.330708661
7;1;3;5.1;189.330708661;183.99609375
8;1;3;8.0;183.99609375;185.431906615
9;1;3;10.4;185.431906615;186.75
10;1;3;12.7;186.75;187.536964981
11;1;3;14.8;187.536964981;190.359375
12;1;3;16.1;190.359375;198.832684825
13;1;3;17.3;198.832684825;198.45703125
14;1;3;18.0;198.45703125;197.7
15;1;3;17.6;197.7;197.682352941
16;1;3;16.5;197.682352941;197.25390625
17;1;3;15.0;197.25390625;200.97254902
18;1;3;14.1;200.97254902;211.643137255
19;1;3;13.7;211.643137255;208.1640625
20;1;3;12.3;208.1640625;208.4765625
21;1;3;11.5;208.4765625;206.5703125
22;1;3;10.7;206.5703125;198.575875486
23;1;3;9.4;198.575875486;191.875
0;1;3;7.3;191.875;189.84375
1;1;3;7.0;189.84375;189.128404669
2;1;3;9.3;189.128404669;188.763052209
3;1;3;7.1;188.763052209;187.490272374
4;1;3;5.2;187.490272374;185.122047244
5;1;3;5.0;185.122047244;184.0078125
6;1;3;8.3;184.0078125;181.723735409
7;1;3;9.3;181.723735409;180.7421875
8;1;3;11.3;180.7421875;182.19921875
9;1;3;13.0;182.19921875;182.661478599
10;1;3;14.0;182.661478599;184.14453125
11;1;3;14.9;184.14453125;187.684824903
12;1;3;15.8;187.684824903;188.47265625
13;1;3;16.1;188.47265625;192.220472441
14;1;3;15.0;192.220472441;191.498007968
15;1;3;15.2;191.498007968;195.19140625
16;1;3;14.7;195.19140625;202.57421875
17;1;3;14.6;202.57421875;210.207843137
18;1;3;13.4;210.207843137;215.575875486
19;1;3;12.8;215.575875486;209.822834646
20;1;3;11.4;209.822834646;208.715953307
21;1;3;12.6;208.715953307;200.482490272
22;1;3;12.1;200.482490272;190.45703125
23;1;3;11.6;190.45703125;188.40234375
0;0;3;11.4;188.40234375;188.32421875
1;0;3;11.0;188.32421875;185.7265625
2;0;3;10.8;185.7265625;184.688715953
3;0;3;11.0;184.688715953;185.106299213
4;0;3;11.2;185.106299213;185.178988327
5;0;3;11.2;185.178988327;191.399209486
6;0;3;12.6;191.399209486;248.57480315
7;0;3;14.2;248.57480315;294.76953125
8;0;3;14.7;294.76953125;392.840466926
9;0;3;17.0;392.840466926;400.515625
10;0;3;17.9;400.515625;431.72265625
11;0;3;17.8;431.72265625;472.265625
12;0;3;19.2;472.265625;458.3984375
13;0;3;18.2;458.3984375;455.521568627
14;0;3;17.6;455.521568627;443.785992218
15;0;3;17.4;443.785992218;418.9453125
16;0;3;17.3;418.9453125;374.59375
17;0;3;17.0;374.59375;339.471698113
18;0;3;16.2;339.471698113;329.25
19;0;3;15.0;329.25;287.25
20;0;3;12.7;287.25;241.5
21;0;3;11.4;241.5;220.25
22;0;3;11.9;220.25;207.25
23;0;3;11.4;207.25;202.0
0;0;3;10.1;202.0;199.25
1;0;3;9.8;199.25;190.75
2;0;3;10.2;190.75;188.0
3;0;3;8.8;188.0;187.0
4;0;3;8.5;187.0;186.0
5;0;3;7.8;186.0;186.5
6;0;3;8.0;186.5;237.25
7;0;3;9.9;237.25;284.0
8;0;3;14.0;284.0;326.5
9;0;3;16.3;326.5;391.75
10;0;3;17.0;391.75;423.75
11;0;3;18.4;423.75;431.0
12;0;3;18.5;431.0;432.25
13;0;3;19.0;432.25;422.25
14;0;3;19.0;422.25;424.5
15;0;3;18.7;424.5;432.25
16;0;3;18.3;432.25;420.75
17;0;3;17.9;420.75;374.0
18;0;3;16.8;374.0;348.75
19;0;3;15.8;348.75;301.0
20;0;3;14.9;301.0;241.0
21;0;3;14.5;241.0;213.75
22;0;3;12.0;213.75;203.25
23;0;3;10.1;203.25;195.5
0;0;3;8.7;195.5;193.75
1;0;3;8.6;193.75;190.25
2;0;3;7.7;190.25;186.25
3;0;3;7.7;186.25;185.0
4;0;3;8.6;185.0;184.75
5;0;3;8.8;184.75;186.75
6;0;3;9.5;186.75;242.0
7;0;3;9.7;242.0;283.75
8;0;3;10.8;283.75;354.25
9;0;3;10.8;354.25;449.25
10;0;3;11.0;449.25;479.25
11;0;3;10.9;479.25;503.25
12;0;3;11.0;503.25;493.75
13;0;3;10.4;493.75;464.5
14;0;3;10.2;464.5;474.0
15;0;3;10.5;474.0;477.75
16;0;3;10.9;477.75;433.75
17;0;3;11.0;433.75;372.25
18;0;3;11.0;372.25;341.5
19;0;3;11.1;341.5;291.75
20;0;3;10.9;291.75;243.5
21;0;3;10.2;243.5;227.25
22;0;3;10.3;227.25;206.25
23;0;3;10.2;206.25;201.25
0;0;3;11.1;201.25;199.0
1;0;3;11.0;199.0;192.0
2;0;3;11.1;192.0;187.0
3;0;3;11.1;187.0;184.75
4;0;3;11.1;184.75;183.5
5;0;3;10.5;183.5;188.75
6;0;3;10.5;188.75;241.0
7;0;3;10.5;241.0;295.25
8;0;3;11.4;295.25;350.5
9;0;3;11.5;350.5;427.0
10;0;3;12.7;427.0;457.25
11;0;3;15.7;457.25;465.75
12;0;3;16.7;465.75;455.0
13;0;3;16.2;455.0;457.5
14;0;3;15.4;457.5;458.0
15;0;3;16.2;458.0;429.5
16;0;3;15.0;429.5;390.0
17;0;3;14.7;390.0;339.25
18;0;3;13.9;339.25;334.75
19;0;3;13.5;334.75;301.75
20;0;3;12.7;301.75;272.0
21;0;3;11.6;272.0;244.5
22;0;3;8.5;244.5;215.75
23;0;3;7.5;215.75;202.75
0;0;3;5.9;202.75;197.5
1;0;3;5.0;197.5;191.5
2;0;3;5.1;191.5;188.0
3;0;3;5.0;188.0;187.75
4;0;3;5.3;187.75;186.5
5;0;3;6.0;186.5;189.75
6;0;3;6.8;189.75;245.25
7;0;3;8.1;245.25;292.75
8;0;3;10.9;292.75;358.25
9;0;3;11.9;358.25;425.5
10;0;3;13.0;425.5;464.0
11;0;3;13.6;464.0;487.25
12;0;3;12.1;487.25;476.5
13;0;3;11.3;476.5;466.0
14;0;3;12.5;466.0;459.25
15;0;3;12.5;459.25;436.25
16;0;3;11.7;436.25;418.0
17;0;3;9.8;418.0;364.0
18;0;3;8.8;364.0;320.0
19;0;3;8.1;320.0;276.25
20;0;3;7.7;276.25;250.0
21;0;3;7.6;250.0;222.5
22;0;3;7.2;222.5;198.5
23;0;3;6.8;198.5;191.25
0;1;3;6.5;191.25;190.0
1;1;3;6.5;190.0;192.25
2;1;3;5.9;192.25;186.5
3;1;3;5.8;186.5;184.0
4;1;3;5.8;184.0;184.5
5;1;3;5.8;184.5;183.75
6;1;3;5.8;183.75;194.25
7;1;3;5.8;194.25;187.75
8;1;3;5.9;187.75;180.25
9;1;3;6.1;180.25;176.5
10;1;3;7.0;176.5;172.25
11;1;3;9.0;172.25;175.5
12;1;3;9.1;175.5;178.0
13;1;3;8.9;178.0;198.25
14;1;3;7.9;198.25;212.0
15;1;3;7.1;212.0;217.25
16;1;3;7.0;217.25;205.0
17;1;3;6.6;205.0;196.5
18;1;3;6.1;196.5;201.0
19;1;3;5.9;201.0;208.5
20;1;3;7.1;208.5;202.25
21;1;3;7.0;202.25;197.5
22;1;3;6.8;197.5;196.25
23;1;3;6.1;196.25;185.5
0;1;3;6.3;185.5;188.0
1;1;3;6.0;188.0;188.5
2;1;3;5.7;188.5;186.25
3;1;3;4.9;186.25;185.5
4;1;3;4.7;185.5;181.25
5;1;3;4.3;181.25;182.25
6;1;3;4.3;182.25;180.5
7;1;3;4.7;180.5;177.5
8;1;3;5.4;177.5;177.75
9;1;3;6.1;177.75;185.25
10;1;3;6.8;185.25;187.25
11;1;3;9.1;187.25;189.5
12;1;3;9.8;189.5;189.5
13;1;3;9.5;189.5;187.25
14;1;3;10.4;187.25;186.0
15;1;3;10.2;186.0;188.5
16;1;3;9.2;188.5;190.0
17;1;3;8.1;190.0;189.0
18;1;3;7.9;189.0;198.5
19;1;3;7.0;198.5;206.0
20;1;3;6.8;206.0;202.25
21;1;3;6.3;202.25;195.5
22;1;3;5.8;195.5;189.5
23;1;3;5.8;189.5;185.75
0;0;3;5.3;185.75;181.0
1;0;3;5.0;181.0;182.0
2;0;3;4.9;182.0;181.5
3;0;3;4.4;181.5;180.0
4;0;3;4.3;180.0;181.75
5;0;3;4.0;181.75;190.0
6;0;3;3.8;190.0;231.25
7;0;3;3.8;231.25;282.75
8;0;3;4.8;282.75;352.5
9;0;3;5.6;352.5;416.75
10;0;3;5.8;416.75;439.5
11;0;3;6.3;439.5;433.25
12;0;3;7.1;433.25;445.0
13;0;3;7.9;445.0;424.5
14;0;3;8.2;424.5;412.25
15;0;3;8.5;412.25;406.25
16;0;3;8.4;406.25;342.5
17;0;3;7.8;342.5;307.5
18;0;3;6.4;307.5;287.5
19;0;3;3.8;287.5;261.5
20;0;3;2.5;261.5;238.0
21;0;3;2.4;238.0;224.25
22;0;3;2.4;224.25;201.5
23;0;3;0.8;201.5;192.0
0;0;3;0.7;192.0;190.25
1;0;3;0.6;190.25;184.0
2;0;3;0.2;184.0;184.75
3;0;3;0.0;184.75;185.75
4;0;3;-0.2;185.75;184.0
5;0;3;-0.6;184.0;197.75
6;0;3;-0.2;197.75;236.0
7;0;3;3.6;236.0;265.0
8;0;3;6.6;265.0;345.0
9;0;3;8.6;345.0;393.25
10;0;3;11.0;393.25;424.75
11;0;3;12.4;424.75;407.0
12;0;3;12.9;407.0;415.5
13;0;3;13.4;415.5;398.0
14;0;3;13.4;398.0;390.75
15;0;3;13.9;390.75;385.75
16;0;3;13.6;385.75;338.25
17;0;3;11.7;338.25;322.0
18;0;3;8.5;322.0;331.25
19;0;3;5.9;331.25;276.5
20;0;3;5.3;276.5;236.75
21;0;3;4.8;236.75;226.75
22;0;3;4.5;226.75;208.5
23;0;3;3.4;208.5;196.25
0;0;3;2.9;196.25;194.5
1;0;3;1.8;194.5;186.5
2;0;3;1.7;186.5;187.25
3;0;3;1.2;187.25;187.0
4;0;3;0.9;187.0;185.5
5;0;3;0.8;185.5;198.25
6;0;3;1.2;198.25;233.25
7;0;3;5.2;233.25;261.0
8;0;3;9.1;261.0;332.75
9;0;3;13.6;332.75;378.75
10;0;3;14.3;378.75;407.0
11;0;3;15.4;407.0;427.5
12;0;3;16.6;427.5;426.0
13;0;3;16.6;426.0;408.25
14;0;3;16.8;408.25;417.75
15;0;3;16.7;417.75;407.25
16;0;3;16.5;407.25;340.5
17;0;3;15.0;340.5;294.75
18;0;3;13.6;294.75;274.25
19;0;3;12.5;274.25;254.5
20;0;3;9.6;254.5;234.75
21;0;3;7.0;234.75;218.0
22;0;3;6.7;218.0;203.75
23;0;3;5.8;203.75;198.5
0;0;3;4.9;198.5;201.75
1;0;3;4.2;201.75;199.25
2;0;3;4.8;199.25;194.25
3;0;3;4.6;194.25;193.666666667
4;0;3;2.9;193.666666667;193.5
5;0;3;2.8;193.5;200.0
6;0;3;3.9;200.0;227.5
7;0;3;9.4;227.5;261.75
8;0;3;12.1;261.75;312.0
9;0;3;14.1;312.0;390.25
10;0;3;15.8;390.25;389.5
11;0;3;16.7;389.5;411.25
12;0;3;18.3;411.25;413.0
13;0;3;18.5;413.0;426.5
14;0;3;19.5;426.5;426.0
15;0;3;20.3;426.0;422.5
16;0;3;20.0;422.5;374.25
17;0;3;18.1;374.25;333.75
18;0;3;14.7;333.75;315.25
19;0;3;11.4;315.25;280.0
20;0;3;9.5;280.0;252.25
21;0;3;8.2;252.25;231.75
22;0;3;7.3;231.75;220.0
23;0;3;6.2;220.0;210.25
0;0;3;5.5;210.25;199.75
1;0;3;4.8;199.75;193.5
2;0;3;4.5;193.5;189.25
3;0;3;3.8;189.25;188.0
4;0;3;3.3;188.0;188.25
5;0;3;2.4;188.25;192.5
6;0;3;3.7;192.5;224.75
7;0;3;7.8;224.75;257.75
8;0;3;11.8;257.75;309.0
9;0;3;15.5;309.0;366.5
10;0;3;16.8;366.5;418.5
11;0;3;19.0;418.5;433.25
12;0;3;21.5;433.25;435.25
13;0;3;22.5;435.25;419.25
14;0;3;23.1;419.25;397.0
15;0;3;22.4;397.0;374.5
16;0;3;21.4;374.5;363.25
17;0;3;19.4;363.25;312.75
18;0;3;17.5;312.75;307.25
19;0;3;16.2;307.25;273.75
20;0;3;15.4;273.75;222.0
21;0;3;14.5;222.0;205.5
22;0;3;13.3;205.5;194.0
23;0;3;12.6;194.0;192.75
0;1;3;12.4;192.75;190.75
1;1;3;12.5;190.75;193.75
2;1;3;12.1;193.75;187.75
3;1;3;11.3;187.75;184.0
4;1;3;10.7;184.0;183.75
5;1;3;10.4;183.75;182.5
6;1;3;11.1;182.5;189.0
7;1;3;12.3;189.0;194.25
8;1;3;14.1;194.25;211.25
9;1;3;15.4;211.25;230.0
10;1;3;17.3;230.0;253.0
11;1;3;18.6;253.0;247.25
12;1;3;19.6;247.25;217.75
13;1;3;20.0;217.75;202.5
14;1;3;19.9;202.5;209.5
15;1;3;19.8;209.5;206.75
16;1;3;18.8;206.75;207.75
17;1;3;17.7;207.75;199.5
18;1;3;16.3;199.5;205.5
19;1;3;14.9;205.5;207.0
20;1;3;13.1;207.0;204.25
21;1;3;11.6;204.25;201.5
22;1;3;10.9;201.5;194.25
23;1;3;10.8;194.25;190.25
0;1;3;10.8;190.25;192.75
1;1;3;10.8;192.75;195.0
2;1;3;10.2;195.0;NaN
3;1;3;10.7;NaN;196.75
4;1;3;10.8;196.75;193.0
5;1;3;10.4;193.0;184.25
6;1;3;10.3;184.25;185.5
7;1;3;10.6;185.5;179.0
8;1;3;11.5;179.0;183.0
9;1;3;12.3;183.0;185.5
10;1;3;13.0;185.5;193.25
11;1;3;13.7;193.25;196.5
12;1;3;14.6;196.5;202.25
13;1;3;15.1;202.25;194.75
14;1;3;15.8;194.75;204.0
15;1;3;15.6;204.0;201.25
16;1;3;14.7;201.25;202.25
17;1;3;13.8;202.25;194.25
18;1;3;13.2;194.25;193.75
19;1;3;13.2;193.75;205.25
20;1;3;13.2;205.25;207.5
21;1;3;12.4;207.5;203.25
22;1;3;12.3;203.25;195.25
23;1;3;9.5;195.25;187.5
0;0;3;7.5;187.5;NaN
1;0;3;6.4;NaN;NaN
2;0;3;6.1;NaN;NaN
3;0;3;6.5;NaN;NaN
4;0;3;10.5;NaN;NaN
5;0;3;9.7;NaN;NaN
6;0;3;9.6;NaN;NaN
7;0;3;9.7;NaN;NaN
8;0;3;10.0;NaN;NaN
9;0;3;10.9;NaN;NaN
10;0;3;11.5;NaN;NaN
11;0;3;11.5;NaN;NaN
12;0;3;12.0;NaN;NaN
13;0;3;12.3;NaN;NaN
14;0;3;11.8;NaN;NaN
15;0;3;11.7;NaN;NaN
16;0;3;11.3;NaN;NaN
17;0;3;11.2;NaN;NaN
18;0;3;10.3;NaN;NaN
19;0;3;9.8;NaN;NaN
20;0;3;9.6;NaN;NaN
21;0;3;9.5;NaN;NaN
22;0;3;9.6;NaN;NaN
23;0;3;9.9;NaN;NaN
0;0;3;9.4;NaN;NaN
1;0;3;9.0;NaN;NaN
2;0;3;8.3;NaN;NaN
3;0;3;8.0;NaN;NaN
4;0;3;6.7;NaN;NaN
5;0;3;6.1;NaN;NaN
6;0;3;6.3;NaN;NaN
7;0;3;8.9;NaN;NaN
8;0;3;10.7;NaN;NaN
9;0;3;13.2;NaN;NaN
10;0;3;14.9;NaN;389.5
11;0;3;14.9;389.5;387.5
12;0;3;15.1;387.5;389.5
13;0;3;15.0;389.5;391.0
14;0;3;14.9;391.0;401.75
15;0;3;14.9;401.75;414.5
16;0;3;15.2;414.5;375.75
17;0;3;13.9;375.75;297.25
18;0;3;10.7;297.25;252.25
19;0;3;8.8;252.25;245.0
20;0;3;7.6;245.0;238.75
21;0;3;6.7;238.75;221.25
22;0;3;6.4;221.25;204.75
23;0;3;5.6;204.75;198.75
0;0;3;4.9;198.75;191.25
1;0;3;4.7;191.25;190.75
2;0;3;3.7;190.75;191.5
3;0;3;3.0;191.5;190.666666667
4;0;3;3.0;190.666666667;197.0
5;0;3;2.8;197.0;192.0
6;0;3;4.1;192.0;245.75
7;0;3;6.8;245.75;273.0
8;0;3;9.9;273.0;328.75
9;0;3;13.2;328.75;382.25
10;0;3;14.2;382.25;415.25
11;0;3;15.9;415.25;407.25
12;0;3;16.5;407.25;390.0
13;0;3;17.4;390.0;383.5
14;0;3;17.3;383.5;376.5
15;0;3;17.2;376.5;377.0
16;0;3;16.7;377.0;326.0
17;0;3;15.4;326.0;282.0
18;0;3;12.6;282.0;260.25
19;0;3;9.3;260.25;249.25
20;0;3;8.4;249.25;241.0
21;0;3;7.4;241.0;222.75
22;0;3;6.8;222.75;208.0
23;0;3;6.5;208.0;203.25
0;0;3;5.7;203.25;206.0
1;0;3;5.8;206.0;196.75
2;0;3;4.9;196.75;193.25
3;0;3;5.0;193.25;193.0
4;0;3;4.0;193.0;193.75
5;0;3;3.7;193.75;201.5
6;0;3;5.3;201.5;253.5
7;0;3;10.1;253.5;281.75
8;0;3;13.2;281.75;342.5
9;0;3;15.2;342.5;395.75
10;0;3;17.0;395.75;434.5
11;0;3;18.1;434.5;489.5
12;0;3;18.8;489.5;493.25
13;0;3;19.1;493.25;497.0
14;0;3;19.2;497.0;436.0
15;0;3;18.9;436.0;368.25
16;0;3;18.8;368.25;319.25
17;0;3;17.8;319.25;279.75
18;0;3;14.2;279.75;264.75
19;0;3;11.7;264.75;243.0
20;0;3;9.8;243.0;242.25
21;0;3;9.0;242.25;229.5
22;0;3;8.7;229.5;212.75
23;0;3;8.4;212.75;208.0
0;0;4;7.4;208.0;NaN
1;0;4;7.1;NaN;NaN
2;0;4;5.9;NaN;NaN
3;0;4;6.0;NaN;NaN
4;0;4;6.0;NaN;NaN
5;0;4;6.8;NaN;NaN
6;0;4;8.2;NaN;NaN
7;0;4;9.5;NaN;NaN
8;0;4;13.1;NaN;NaN
9;0;4;14.9;NaN;NaN
10;0;4;16.9;NaN;NaN
11;0;4;18.3;NaN;NaN
12;0;4;19.6;NaN;NaN
13;0;4;19.7;NaN;NaN
14;0;4;19.7;NaN;NaN
15;0;4;19.7;NaN;NaN
16;0;4;19.5;NaN;NaN
17;0;4;18.6;NaN;NaN
18;0;4;18.1;NaN;NaN
19;0;4;14.3;NaN;NaN
20;0;4;13.7;NaN;NaN
21;0;4;13.6;NaN;NaN
22;0;4;12.8;NaN;NaN
23;0;4;11.2;NaN;NaN
0;1;4;10.0;NaN;NaN
1;1;4;8.6;NaN;NaN
2;1;4;8.4;NaN;NaN
3;1;4;7.9;NaN;NaN
4;1;4;7.7;NaN;NaN
5;1;4;7.3;NaN;NaN
6;1;4;8.9;NaN;NaN
7;1;4;11.6;NaN;NaN
8;1;4;14.8;NaN;NaN
9;1;4;18.4;NaN;NaN
10;1;4;19.4;NaN;NaN
11;1;4;20.4;NaN;NaN
12;1;4;20.4;NaN;NaN
13;1;4;21.0;NaN;NaN
14;1;4;21.3;NaN;NaN
15;1;4;21.3;NaN;NaN
16;1;4;20.5;NaN;NaN
17;1;4;19.4;NaN;NaN
18;1;4;15.9;NaN;NaN
19;1;4;14.0;NaN;NaN
20;1;4;12.2;NaN;NaN
21;1;4;11.4;NaN;NaN
22;1;4;10.9;NaN;NaN
23;1;4;10.4;NaN;NaN
0;1;4;10.3;NaN;NaN
1;1;4;9.8;NaN;NaN
2;1;4;9.2;NaN;NaN
3;1;4;9.2;NaN;NaN
4;1;4;8.5;NaN;NaN
5;1;4;8.1;NaN;NaN
6;1;4;8.8;NaN;NaN
7;1;4;13.2;NaN;NaN
8;1;4;15.6;NaN;NaN
9;1;4;16.6;NaN;NaN
10;1;4;18.3;NaN;NaN
11;1;4;19.8;NaN;NaN
12;1;4;20.9;NaN;NaN
13;1;4;21.5;NaN;NaN
14;1;4;21.8;NaN;NaN
15;1;4;21.8;NaN;NaN
16;1;4;21.3;NaN;NaN
17;1;4;20.3;NaN;NaN
18;1;4;18.4;NaN;NaN
19;1;4;14.6;NaN;NaN
20;1;4;13.3;NaN;NaN
21;1;4;12.4;NaN;NaN
22;1;4;12.1;NaN;NaN
23;1;4;11.8;NaN;NaN
0;0;4;11.7;NaN;NaN
1;0;4;10.0;NaN;NaN
2;0;4;9.8;NaN;NaN
3;0;4;9.0;NaN;NaN
4;0;4;9.4;NaN;NaN
5;0;4;10.0;NaN;NaN
6;0;4;11.0;NaN;NaN
7;0;4;14.0;NaN;NaN
8;0;4;15.8;NaN;NaN
9;0;4;17.8;NaN;NaN
10;0;4;18.9;NaN;NaN
11;0;4;20.2;NaN;NaN
12;0;4;21.7;NaN;NaN
13;0;4;22.5;NaN;NaN
14;0;4;23.0;NaN;NaN
15;0;4;23.0;NaN;NaN
16;0;4;22.5;NaN;NaN
17;0;4;17.5;NaN;NaN
18;0;4;15.6;NaN;NaN
19;0;4;12.9;NaN;NaN
20;0;4;11.8;NaN;NaN
21;0;4;10.8;NaN;NaN
22;0;4;10.8;NaN;NaN
23;0;4;10.8;NaN;NaN
0;0;4;10.6;NaN;NaN
1;0;4;10.5;NaN;NaN
2;0;4;10.3;NaN;NaN
3;0;4;9.9;NaN;NaN
4;0;4;9.9;NaN;NaN
5;0;4;9.0;NaN;NaN
6;0;4;9.0;NaN;NaN
7;0;4;9.9;NaN;NaN
8;0;4;11.1;NaN;NaN
9;0;4;12.7;NaN;NaN
10;0;4;13.8;NaN;NaN
11;0;4;14.5;NaN;NaN
12;0;4;14.8;NaN;NaN
13;0;4;15.6;NaN;NaN
14;0;4;16.1;NaN;NaN
15;0;4;14.6;NaN;NaN
16;0;4;14.0;NaN;NaN
17;0;4;14.5;NaN;NaN
18;0;4;12.5;NaN;NaN
19;0;4;9.7;NaN;NaN
20;0;4;7.8;NaN;NaN
21;0;4;6.9;NaN;NaN
22;0;4;6.9;NaN;NaN
23;0;4;6.5;NaN;NaN
0;0;4;6.5;NaN;NaN
1;0;4;6.3;NaN;NaN
2;0;4;5.7;NaN;NaN
3;0;4;5.6;NaN;NaN
4;0;4;5.0;NaN;NaN
5;0;4;5.3;NaN;NaN
6;0;4;7.1;NaN;NaN
7;0;4;12.1;NaN;NaN
8;0;4;14.8;NaN;NaN
9;0;4;15.6;NaN;NaN
10;0;4;15.6;NaN;NaN
11;0;4;16.5;NaN;NaN
12;0;4;16.9;NaN;NaN
13;0;4;17.4;NaN;NaN
14;0;4;18.2;NaN;NaN
15;0;4;18.3;NaN;NaN
16;0;4;17.5;NaN;NaN
17;0;4;16.8;NaN;NaN
18;0;4;14.0;NaN;NaN
19;0;4;12.1;NaN;NaN
20;0;4;11.6;NaN;NaN
21;0;4;10.0;NaN;NaN
22;0;4;9.5;NaN;NaN
23;0;4;9.0;NaN;NaN
0;0;4;8.9;NaN;NaN
1;0;4;8.2;NaN;NaN
2;0;4;8.3;NaN;NaN
3;0;4;8.0;NaN;NaN
4;0;4;8.2;NaN;NaN
5;0;4;8.2;NaN;NaN
6;0;4;10.0;NaN;NaN
7;0;4;13.1;NaN;NaN
8;0;4;16.6;NaN;NaN
9;0;4;19.4;NaN;NaN
10;0;4;21.5;NaN;NaN
11;0;4;23.8;NaN;NaN
12;0;4;24.8;NaN;NaN
13;0;4;25.6;NaN;NaN
14;0;4;26.4;NaN;NaN
15;0;4;25.6;NaN;NaN
16;0;4;25.7;NaN;NaN
17;0;4;25.3;NaN;NaN
18;0;4;21.8;NaN;NaN
19;0;4;21.6;NaN;NaN
20;0;4;22.0;NaN;NaN
21;0;4;23.1;NaN;NaN
22;0;4;22.4;NaN;NaN
23;0;4;21.4;NaN;NaN
0;0;4;18.8;NaN;NaN
1;0;4;15.8;NaN;NaN
2;0;4;15.6;NaN;NaN
3;0;4;15.7;NaN;NaN
4;0;4;17.4;NaN;NaN
5;0;4;15.3;NaN;NaN
6;0;4;14.8;NaN;NaN
7;0;4;15.5;NaN;NaN
8;0;4;16.5;NaN;NaN
9;0;4;16.5;NaN;NaN
10;0;4;16.6;NaN;NaN
11;0;4;17.7;NaN;NaN
12;0;4;18.5;NaN;NaN
13;0;4;19.3;NaN;NaN
14;0;4;19.9;NaN;NaN
15;0;4;20.4;NaN;NaN
16;0;4;20.4;NaN;NaN
17;0;4;20.1;NaN;NaN
18;0;4;18.3;NaN;NaN
19;0;4;14.5;NaN;NaN
20;0;4;13.3;NaN;NaN
21;0;4;11.3;NaN;NaN
22;0;4;11.5;NaN;NaN
23;0;4;13.9;NaN;NaN
0;1;4;13.1;NaN;NaN
1;1;4;14.2;NaN;NaN
2;1;4;12.1;NaN;NaN
3;1;4;11.0;NaN;NaN
4;1;4;11.5;NaN;NaN
5;1;4;11.5;NaN;NaN
6;1;4;13.6;NaN;NaN
7;1;4;14.3;NaN;NaN
8;1;4;17.0;NaN;NaN
9;1;4;19.8;NaN;NaN
10;1;4;21.2;NaN;NaN
11;1;4;22.5;NaN;NaN
12;1;4;23.2;NaN;NaN
13;1;4;22.3;NaN;NaN
14;1;4;22.2;NaN;NaN
15;1;4;21.3;NaN;NaN
16;1;4;21.3;NaN;NaN
17;1;4;20.0;NaN;NaN
18;1;4;17.6;NaN;NaN
19;1;4;14.2;NaN;NaN
20;1;4;14.1;NaN;NaN
21;1;4;11.6;NaN;NaN
22;1;4;11.8;NaN;NaN
23;1;4;10.5;NaN;NaN
0;1;4;7.7;NaN;NaN
1;1;4;8.0;NaN;NaN
2;1;4;6.3;NaN;NaN
3;1;4;5.7;NaN;NaN
4;1;4;5.2;NaN;NaN
5;1;4;5.4;NaN;NaN
6;1;4;7.6;NaN;NaN
7;1;4;12.3;NaN;NaN
8;1;4;13.6;NaN;NaN
9;1;4;13.8;NaN;NaN
10;1;4;14.8;NaN;NaN
11;1;4;15.5;NaN;NaN
12;1;4;16.4;NaN;NaN
13;1;4;17.2;NaN;NaN
14;1;4;18.4;NaN;NaN
15;1;4;19.0;NaN;NaN
16;1;4;18.7;NaN;NaN
17;1;4;17.1;NaN;NaN
18;1;4;14.7;NaN;NaN
19;1;4;11.9;NaN;NaN
20;1;4;10.4;NaN;NaN
21;1;4;9.0;NaN;NaN
22;1;4;8.2;NaN;NaN
23;1;4;7.7;NaN;NaN
0;0;4;7.8;NaN;NaN
1;0;4;7.0;NaN;NaN
2;0;4;6.8;NaN;NaN
3;0;4;6.5;NaN;NaN
4;0;4;6.0;NaN;NaN
5;0;4;6.7;NaN;NaN
6;0;4;11.1;NaN;NaN
7;0;4;13.0;NaN;NaN
8;0;4;14.9;NaN;NaN
9;0;4;16.8;NaN;NaN
10;0;4;16.7;NaN;NaN
11;0;4;17.3;NaN;NaN
12;0;4;18.4;NaN;NaN
13;0;4;18.7;NaN;NaN
14;0;4;18.4;NaN;NaN
15;0;4;18.6;NaN;NaN
16;0;4;18.3;NaN;NaN
17;0;4;17.5;NaN;NaN
18;0;4;15.8;NaN;NaN
19;0;4;13.0;NaN;NaN
20;0;4;11.6;NaN;NaN
21;0;4;10.6;NaN;NaN
22;0;4;10.2;NaN;NaN
23;0;4;9.9;NaN;NaN
0;0;4;9.9;NaN;NaN
1;0;4;9.2;NaN;NaN
2;0;4;8.2;NaN;NaN
3;0;4;7.7;NaN;NaN
4;0;4;7.2;NaN;NaN
5;0;4;7.0;NaN;NaN
6;0;4;11.7;NaN;NaN
7;0;4;16.5;NaN;NaN
8;0;4;19.2;NaN;NaN
9;0;4;21.5;NaN;NaN
10;0;4;23.1;NaN;NaN
11;0;4;23.8;NaN;NaN
12;0;4;24.3;NaN;NaN
13;0;4;25.3;NaN;NaN
14;0;4;24.2;NaN;NaN
15;0;4;23.2;NaN;NaN
16;0;4;22.2;NaN;NaN
17;0;4;19.4;NaN;NaN
18;0;4;10.9;NaN;NaN
19;0;4;8.9;NaN;NaN
20;0;4;8.2;NaN;NaN
21;0;4;7.8;NaN;NaN
22;0;4;7.9;NaN;NaN
23;0;4;7.8;NaN;NaN
0;0;4;7.4;NaN;NaN
1;0;4;6.7;NaN;NaN
2;0;4;6.7;NaN;NaN
3;0;4;6.8;NaN;NaN
4;0;4;6.8;NaN;NaN
5;0;4;6.2;NaN;NaN
6;0;4;6.4;NaN;NaN
7;0;4;7.9;NaN;NaN
8;0;4;10.7;NaN;NaN
9;0;4;11.7;NaN;NaN
10;0;4;12.5;NaN;NaN
11;0;4;13.1;NaN;NaN
12;0;4;13.0;NaN;NaN
13;0;4;11.2;NaN;NaN
14;0;4;14.1;NaN;NaN
15;0;4;13.0;NaN;NaN
16;0;4;12.0;NaN;NaN
17;0;4;11.5;NaN;NaN
18;0;4;9.7;NaN;NaN
19;0;4;6.7;NaN;NaN
20;0;4;5.5;NaN;NaN
21;0;4;4.6;NaN;NaN
22;0;4;3.9;NaN;NaN
23;0;4;3.7;NaN;NaN
0;0;4;4.7;NaN;NaN
1;0;4;6.4;NaN;NaN
2;0;4;7.7;NaN;NaN
3;0;4;5.9;NaN;NaN
4;0;4;3.7;NaN;NaN
5;0;4;3.2;NaN;NaN
6;0;4;5.3;NaN;NaN
7;0;4;7.1;NaN;NaN
8;0;4;10.1;NaN;NaN
9;0;4;13.1;NaN;NaN
10;0;4;13.1;NaN;NaN
11;0;4;13.9;NaN;NaN
12;0;4;14.1;NaN;NaN
13;0;4;14.9;NaN;NaN
14;0;4;14.2;NaN;NaN
15;0;4;13.6;NaN;NaN
16;0;4;12.5;NaN;NaN
17;0;4;11.6;NaN;NaN
18;0;4;10.6;NaN;NaN
19;0;4;9.9;NaN;NaN
20;0;4;8.5;NaN;NaN
21;0;4;6.2;NaN;NaN
22;0;4;6.2;NaN;NaN
23;0;4;6.1;NaN;NaN
0;0;4;7.6;NaN;NaN
1;0;4;7.0;NaN;NaN
2;0;4;5.8;NaN;NaN
3;0;4;5.6;NaN;NaN
4;0;4;5.3;NaN;NaN
5;0;4;5.8;NaN;NaN
6;0;4;8.2;NaN;NaN
7;0;4;9.1;NaN;NaN
8;0;4;11.2;NaN;NaN
9;0;4;12.1;NaN;NaN
10;0;4;12.0;NaN;NaN
11;0;4;12.2;NaN;NaN
12;0;4;12.6;NaN;NaN
13;0;4;12.3;NaN;NaN
14;0;4;13.0;NaN;NaN
15;0;4;13.8;NaN;NaN
16;0;4;12.6;NaN;NaN
17;0;4;11.9;NaN;NaN
18;0;4;10.9;NaN;NaN
19;0;4;9.6;NaN;NaN
20;0;4;8.7;NaN;NaN
21;0;4;7.0;NaN;NaN
22;0;4;7.1;NaN;NaN
23;0;4;7.3;NaN;NaN
0;1;4;7.3;NaN;NaN
1;1;4;8.4;NaN;NaN
2;1;4;8.9;NaN;NaN
3;1;4;8.7;NaN;NaN
4;1;4;8.9;NaN;NaN
5;1;4;9.0;NaN;NaN
6;1;4;9.0;NaN;NaN
7;1;4;9.3;NaN;NaN
8;1;4;10.5;NaN;NaN
9;1;4;9.8;NaN;NaN
10;1;4;9.7;NaN;NaN
11;1;4;10.6;NaN;NaN
12;1;4;12.7;NaN;NaN
13;1;4;13.5;NaN;NaN
14;1;4;14.0;NaN;170.333333333
15;1;4;13.3;170.333333333;172.75
16;1;4;12.0;172.75;163.25
17;1;4;11.7;163.25;163.75
18;1;4;11.5;163.75;167.25
19;1;4;10.4;167.25;174.25
20;1;4;9.1;174.25;177.5
21;1;4;9.2;177.5;175.75
22;1;4;9.1;175.75;164.75
23;1;4;9.3;164.75;157.75
0;1;4;9.4;157.75;151.0
1;1;4;9.1;151.0;144.25
2;1;4;8.6;144.25;147.75
3;1;4;7.0;147.75;147.75
4;1;4;5.9;147.75;148.0
5;1;4;5.7;148.0;147.0
6;1;4;9.3;147.0;158.25
7;1;4;10.5;158.25;154.25
8;1;4;12.7;154.25;154.0
9;1;4;13.8;154.0;156.0
10;1;4;14.7;156.0;156.25
11;1;4;14.4;156.25;156.25
12;1;4;14.2;156.25;156.75
13;1;4;15.6;156.75;157.25
14;1;4;14.4;157.25;158.25
15;1;4;14.0;158.25;160.75
16;1;4;14.5;160.75;152.5
17;1;4;14.2;152.5;151.5
18;1;4;12.5;151.5;156.0
19;1;4;8.8;156.0;158.75
20;1;4;8.2;158.75;162.25
21;1;4;7.6;162.25;159.5
22;1;4;6.3;159.5;149.75
23;1;4;5.9;149.75;148.5
0;0;4;5.9;148.5;146.25
1;0;4;5.8;146.25;143.75
2;0;4;5.3;143.75;141.5
3;0;4;4.1;141.5;142.5
4;0;4;4.0;142.5;142.0
5;0;4;4.1;142.0;146.25
6;0;4;7.2;146.25;203.25
7;0;4;10.2;203.25;239.5
8;0;4;14.3;239.5;324.75
9;0;4;15.4;324.75;390.5
10;0;4;16.8;390.5;401.75
11;0;4;16.0;401.75;411.25
12;0;4;17.2;411.25;419.0
13;0;4;16.6;419.0;411.75
14;0;4;16.9;411.75;413.0
15;0;4;17.6;413.0;381.5
16;0;4;17.3;381.5;312.25
17;0;4;15.6;312.25;252.25
18;0;4;12.2;252.25;238.0
19;0;4;9.6;238.0;215.75
20;0;4;8.6;215.75;192.75
21;0;4;7.7;192.75;183.25
22;0;4;8.8;183.25;172.25
23;0;4;9.4;172.25;164.25
0;0;4;9.0;164.25;158.75
1;0;4;8.6;158.75;154.25
2;0;4;7.3;154.25;151.75
3;0;4;7.0;151.75;151.25
4;0;4;6.1;151.25;152.25
5;0;4;5.4;152.25;160.5
6;0;4;8.4;160.5;204.75
7;0;4;11.5;204.75;254.5
8;0;4;15.3;254.5;329.25
9;0;4;17.5;329.25;374.75
10;0;4;18.1;374.75;391.25
11;0;4;18.5;391.25;408.5
12;0;4;19.0;408.5;440.0
13;0;4;18.6;440.0;428.75
14;0;4;18.4;428.75;422.75
15;0;4;18.2;422.75;380.0
16;0;4;18.2;380.0;335.0
17;0;4;17.1;335.0;301.5
18;0;4;14.2;301.5;268.0
19;0;4;10.7;268.0;214.75
20;0;4;10.3;214.75;198.5
21;0;4;9.5;198.5;184.0
22;0;4;8.9;184.0;175.0
23;0;4;7.8;175.0;171.0
0;0;4;7.4;171.0;168.0
1;0;4;6.6;168.0;160.5
2;0;4;5.8;160.5;157.0
3;0;4;5.3;157.0;156.25
4;0;4;5.1;156.25;157.0
5;0;4;5.4;157.0;165.0
6;0;4;8.6;165.0;208.0
7;0;4;11.9;208.0;243.75
8;0;4;14.7;243.75;339.75
9;0;4;17.2;339.75;389.5
10;0;4;18.7;389.5;407.0
11;0;4;19.8;407.0;396.5
12;0;4;20.5;396.5;411.5
13;0;4;21.2;411.5;388.5
14;0;4;21.0;388.5;398.0
15;0;4;21.1;398.0;371.0
16;0;4;20.6;371.0;332.5
17;0;4;19.8;332.5;291.0
18;0;4;16.3;291.0;245.25
19;0;4;13.6;245.25;227.5
20;0;4;12.2;227.5;221.0
21;0;4;11.4;221.0;201.25
22;0;4;10.5;201.25;180.25
23;0;4;9.5;180.25;170.25
0;0;4;8.7;170.25;162.75
1;0;4;7.8;162.75;158.25
2;0;4;7.6;158.25;152.5
3;0;4;6.8;152.5;150.5
4;0;4;6.1;150.5;149.75
5;0;4;6.7;149.75;157.0
6;0;4;10.3;157.0;211.0
7;0;4;12.8;211.0;244.5
8;0;4;15.1;244.5;319.5
9;0;4;17.9;319.5;365.0
10;0;4;20.0;365.0;382.0
11;0;4;21.7;382.0;424.0
12;0;4;22.8;424.0;428.0
13;0;4;23.5;428.0;413.0
14;0;4;23.6;413.0;393.75
15;0;4;23.7;393.75;358.0
16;0;4;23.7;358.0;312.5
17;0;4;22.8;312.5;280.25
18;0;4;21.6;280.25;261.75
19;0;4;14.8;261.75;235.75
20;0;4;12.8;235.75;217.5
21;0;4;11.1;217.5;200.25
22;0;4;10.2;200.25;179.25
23;0;4;9.8;179.25;170.0
0;0;4;9.1;170.0;160.25
1;0;4;8.6;160.25;153.5
2;0;4;7.9;153.5;151.5
3;0;4;7.4;151.5;151.75
4;0;4;7.1;151.75;151.0
5;0;4;7.5;151.0;153.5
6;0;4;10.8;153.5;187.25
7;0;4;14.2;187.25;241.0
8;0;4;17.9;241.0;281.25
9;0;4;19.4;281.25;340.25
10;0;4;20.9;340.25;336.0
11;0;4;22.0;336.0;343.5
12;0;4;22.4;343.5;342.5
13;0;4;22.9;342.5;322.75
14;0;4;23.0;322.75;303.5
15;0;4;23.5;303.5;278.5
16;0;4;23.3;278.5;232.0
17;0;4;22.2;232.0;184.0
18;0;4;18.0;184.0;173.5
19;0;4;15.0;173.5;164.5
20;0;4;13.4;164.5;165.25
21;0;4;13.2;165.25;162.75
22;0;4;11.9;162.75;156.5
23;0;4;10.5;156.5;152.5
0;1;4;10.0;152.5;151.75
1;1;4;10.0;151.75;152.5
2;1;4;9.1;152.5;146.25
3;1;4;8.3;146.25;145.5
4;1;4;8.2;145.5;145.25
5;1;4;8.5;145.25;144.75
6;1;4;10.6;144.75;149.0
7;1;4;14.6;149.0;151.0
8;1;4;18.1;151.0;153.25
9;1;4;20.4;153.25;155.25
10;1;4;21.8;155.25;152.25
11;1;4;22.6;152.25;153.75
12;1;4;22.3;153.75;158.0
13;1;4;23.3;158.0;163.5
14;1;4;23.7;163.5;156.5
15;1;4;23.2;156.5;154.0
16;1;4;23.3;154.0;151.5
17;1;4;21.9;151.5;151.25
18;1;4;20.8;151.25;152.5
19;1;4;19.9;152.5;150.75
20;1;4;19.6;150.75;155.5
21;1;4;19.2;155.5;154.75
22;1;4;18.3;154.75;146.5
23;1;4;16.9;146.5;144.25
0;1;4;15.5;144.25;143.25
1;1;4;14.6;143.25;142.0
2;1;4;15.1;142.0;143.0
3;1;4;14.1;143.0;141.0
4;1;4;12.9;141.0;141.25
5;1;4;12.4;141.25;139.75
6;1;4;15.3;139.75;136.5
7;1;4;17.2;136.5;136.25
8;1;4;19.4;136.25;137.75
9;1;4;20.3;137.75;140.25
10;1;4;22.0;140.25;142.25
11;1;4;22.9;142.25;142.75
12;1;4;23.4;142.75;143.75
13;1;4;23.7;143.75;145.0
14;1;4;23.6;145.0;144.75
15;1;4;23.3;144.75;145.5
16;1;4;22.5;145.5;147.75
17;1;4;21.5;147.75;152.75
18;1;4;20.7;152.75;151.0
19;1;4;18.0;151.0;151.25
20;1;4;15.4;151.25;159.0
21;1;4;15.0;159.0;158.75
22;1;4;14.4;158.75;153.0
23;1;4;14.2;153.0;150.0
0;1;4;13.2;150.0;148.75
1;1;4;11.8;148.75;148.0
2;1;4;10.9;148.0;143.25
3;1;4;11.3;143.25;142.5
4;1;4;11.9;142.5;139.0
5;1;4;11.8;139.0;136.0
6;1;4;12.8;136.0;141.25
7;1;4;14.2;141.25;143.5
8;1;4;14.6;143.5;146.0
9;1;4;17.8;146.0;148.75
10;1;4;19.2;148.75;153.0
11;1;4;20.2;153.0;155.0
12;1;4;21.0;155.0;157.0
13;1;4;21.1;157.0;162.25
14;1;4;21.7;162.25;160.75
15;1;4;21.6;160.75;157.0
16;1;4;21.1;157.0;157.75
17;1;4;20.4;157.75;159.5
18;1;4;18.2;159.5;160.75
19;1;4;15.9;160.75;161.75
20;1;4;16.0;161.75;163.0
21;1;4;14.9;163.0;160.75
22;1;4;14.8;160.75;158.75
23;1;4;14.7;158.75;157.75
0;0;4;13.9;157.75;153.0
1;0;4;14.1;153.0;143.25
2;0;4;13.7;143.25;141.75
3;0;4;13.1;141.75;140.25
4;0;4;12.9;140.25;139.75
5;0;4;12.9;139.75;143.5
6;0;4;12.9;143.5;196.75
7;0;4;12.2;196.75;238.25
8;0;4;12.4;238.25;346.5
9;0;4;12.9;346.5;410.25
10;0;4;13.7;410.25;423.75
11;0;4;13.8;423.75;434.5
12;0;4;14.0;434.5;434.75
13;0;4;14.6;434.75;428.0
14;0;4;14.7;428.0;420.75
15;0;4;13.5;420.75;394.0
16;0;4;13.3;394.0;356.5
17;0;4;13.9;356.5;312.25
18;0;4;14.0;312.25;291.0
19;0;4;14.2;291.0;248.5
20;0;4;14.1;248.5;193.75
21;0;4;14.0;193.75;183.0
22;0;4;13.2;183.0;160.5
23;0;4;13.1;160.5;156.75
0;0;4;12.6;156.75;158.5
1;0;4;12.5;158.5;149.5
2;0;4;12.6;149.5;150.25
3;0;4;12.3;150.25;150.25
4;0;4;12.3;150.25;149.25
5;0;4;12.6;149.25;150.0
6;0;4;13.6;150.0;209.75
7;0;4;14.8;209.75;235.5
8;0;4;15.0;235.5;310.0
9;0;4;16.3;310.0;374.75
10;0;4;16.7;374.75;402.25
11;0;4;16.3;402.25;413.75
12;0;4;16.8;413.75;416.0
13;0;4;16.9;416.0;418.5
14;0;4;16.4;418.5;409.5
15;0;4;16.3;409.5;408.5
16;0;4;16.7;408.5;367.25
17;0;4;15.9;367.25;320.0
18;0;4;15.6;320.0;287.5
19;0;4;15.5;287.5;254.75
20;0;4;15.0;254.75;207.25
21;0;4;14.8;207.25;187.25
22;0;4;13.8;187.25;168.25
23;0;4;13.6;168.25;163.75
0;0;4;13.3;163.75;155.5
1;0;4;11.8;155.5;153.0
2;0;4;13.0;153.0;152.5
3;0;4;13.1;152.5;151.25
4;0;4;12.7;151.25;150.0
5;0;4;11.6;150.0;152.25
6;0;4;11.4;152.25;208.5
7;0;4;11.9;208.5;236.5
8;0;4;13.0;236.5;323.75
9;0;4;14.9;323.75;425.25
10;0;4;14.8;425.25;461.5
11;0;4;15.0;461.5;467.0
12;0;4;16.3;467.0;472.333333333
13;0;4;15.1;472.333333333;454.25
14;0;4;15.9;454.25;435.0
15;0;4;14.9;435.0;417.5
16;0;4;14.9;417.5;373.5
17;0;4;14.8;373.5;324.5
18;0;4;14.5;324.5;290.75
19;0;4;13.6;290.75;260.5
20;0;4;12.5;260.5;226.25
21;0;4;12.0;226.25;200.25
22;0;4;11.6;200.25;182.75
23;0;4;11.2;182.75;173.5
0;0;4;10.9;173.5;169.25
1;0;4;11.1;169.25;159.75
2;0;4;11.2;159.75;158.75
3;0;4;11.5;158.75;158.5
4;0;4;11.4;158.5;156.75
5;0;4;11.4;156.75;164.5
6;0;4;11.7;164.5;219.75
7;0;4;12.5;219.75;259.75
8;0;4;12.9;259.75;333.0
9;0;4;13.5;333.0;390.75
10;0;4;14.1;390.75;406.0
11;0;4;14.5;406.0;441.25
12;0;4;15.2;441.25;448.25
13;0;4;14.6;448.25;440.75
14;0;4;16.2;440.75;414.0
15;0;4;16.5;414.0;379.5
16;0;4;15.3;379.5;339.25
17;0;4;14.7;339.25;287.5
18;0;4;13.5;287.5;243.25
19;0;4;12.7;243.25;203.5
20;0;4;12.1;203.5;185.75
21;0;4;12.0;185.75;180.25
22;0;4;12.0;180.25;164.5
23;0;4;12.0;164.5;159.75
0;1;4;12.2;159.75;161.25
1;1;4;12.0;161.25;163.0
2;1;4;12.1;163.0;159.75
3;1;4;12.0;159.75;158.5
4;1;4;11.7;158.5;160.0
5;1;4;11.8;160.0;163.0
6;1;4;12.1;163.0;156.0
7;1;4;13.3;156.0;158.0
8;1;4;13.8;158.0;160.5
9;1;4;14.1;160.5;176.5
10;1;4;15.0;176.5;174.75
11;1;4;16.6;174.75;173.25
12;1;4;16.4;173.25;170.25
13;1;4;17.6;170.25;167.0
14;1;4;18.8;167.0;166.25
15;1;4;18.9;166.25;175.0
16;1;4;18.9;175.0;176.25
17;1;4;18.4;176.25;175.5
18;1;4;16.9;175.5;185.25
19;1;4;15.9;185.25;175.25
20;1;4;15.1;175.25;192.0
21;1;4;13.8;192.0;210.25
22;1;4;12.5;210.25;196.25
23;1;4;12.0;196.25;193.5
0;1;5;11.9;193.5;188.0
1;1;5;11.1;188.0;183.75
2;1;5;11.2;183.75;179.0
3;1;5;11.6;179.0;176.25
4;1;5;11.2;176.25;159.25
5;1;5;11.8;159.25;154.25
6;1;5;12.3;154.25;145.5
7;1;5;13.1;145.5;145.0
8;1;5;14.4;145.0;145.0
9;1;5;15.1;145.0;145.25
10;1;5;15.2;145.25;145.0
11;1;5;14.9;145.0;150.0
12;1;5;16.5;150.0;158.5
13;1;5;17.9;158.5;160.75
14;1;5;18.9;160.75;162.25
15;1;5;18.4;162.25;163.25
16;1;5;15.2;163.25;156.25
17;1;5;13.3;156.25;157.25
18;1;5;13.2;157.25;161.5
19;1;5;12.9;161.5;166.25
20;1;5;12.9;166.25;167.25
21;1;5;12.2;167.25;167.75
22;1;5;11.3;167.75;161.25
23;1;5;11.9;161.25;161.0
0;0;5;12.0;161.0;159.75
1;0;5;10.1;159.75;158.25
2;0;5;9.0;158.25;152.75
3;0;5;8.6;152.75;153.5
4;0;5;8.1;153.5;150.5
5;0;5;8.4;150.5;157.25
6;0;5;11.0;157.25;189.5
7;0;5;13.3;189.5;214.0
8;0;5;15.2;214.0;288.5
9;0;5;16.7;288.5;361.5
10;0;5;17.3;361.5;367.5
11;0;5;18.3;367.5;391.25
12;0;5;19.4;391.25;393.0
13;0;5;19.6;393.0;396.5
14;0;5;19.6;396.5;364.5
15;0;5;19.3;364.5;330.25
16;0;5;19.4;330.25;292.75
17;0;5;18.9;292.75;249.5
18;0;5;16.4;249.5;215.25
19;0;5;13.8;215.25;201.25
20;0;5;12.6;201.25;197.5
21;0;5;12.7;197.5;188.75
22;0;5;12.9;188.75;170.5
23;0;5;12.1;170.5;160.25
0;0;5;11.7;160.25;153.25
1;0;5;11.2;153.25;152.0
2;0;5;12.2;152.0;150.75
3;0;5;11.5;150.75;150.25
4;0;5;10.6;150.25;151.75
5;0;5;12.0;151.75;158.75
6;0;5;14.1;158.75;186.5
7;0;5;17.0;186.5;231.0
8;0;5;18.9;231.0;318.0
9;0;5;20.5;318.0;379.25
10;0;5;21.8;379.25;401.75
11;0;5;22.3;401.75;370.0
12;0;5;22.6;370.0;367.0
13;0;5;22.2;367.0;363.25
14;0;5;23.7;363.25;373.5
15;0;5;23.8;373.5;378.0
16;0;5;15.6;378.0;317.5
17;0;5;13.4;317.5;274.75
18;0;5;12.7;274.75;264.25
19;0;5;11.0;264.25;222.75
20;0;5;10.1;222.75;201.75
21;0;5;10.0;201.75;186.25
22;0;5;8.5;186.25;175.25
23;0;5;8.0;175.25;172.75
0;0;5;8.1;172.75;174.25
1;0;5;7.2;174.25;168.75
2;0;5;6.6;168.75;167.0
3;0;5;6.0;167.0;NaN
4;0;5;3.8;NaN;NaN
5;0;5;5.2;NaN;NaN
6;0;5;7.5;NaN;NaN
7;0;5;9.3;NaN;NaN
8;0;5;9.9;NaN;NaN
9;0;5;10.5;NaN;379.0
10;0;5;11.2;379.0;394.5
11;0;5;12.1;394.5;396.0
12;0;5;12.5;396.0;398.75
13;0;5;12.6;398.75;383.25
14;0;5;13.5;383.25;380.25
15;0;5;13.6;380.25;367.5
16;0;5;13.7;367.5;317.75
17;0;5;12.8;317.75;264.5
18;0;5;11.9;264.5;225.75
19;0;5;9.7;225.75;190.5
20;0;5;7.1;190.5;187.0
21;0;5;5.8;187.0;182.5
22;0;5;5.1;182.5;169.75
23;0;5;5.0;169.75;164.75
0;0;5;4.3;164.75;165.25
1;0;5;4.2;165.25;155.75
2;0;5;4.5;155.75;154.75
3;0;5;4.4;154.75;153.75
4;0;5;3.9;153.75;152.75
5;0;5;5.0;152.75;158.0
6;0;5;9.4;158.0;191.5
7;0;5;12.1;191.5;220.25
8;0;5;13.8;220.25;289.981818182
9;0;5;14.7;289.981818182;329.769633508
10;0;5;14.8;329.769633508;352.164179104
11;0;5;15.6;352.164179104;362.840163934
12;0;5;15.2;362.840163934;385.322097378
13;0;5;16.0;385.322097378;401.907063197
14;0;5;15.8;401.907063197;388.558052434
15;0;5;15.7;388.558052434;386.911111111
16;0;5;15.3;386.911111111;325.919413919
17;0;5;14.7;325.919413919;284.802197802
18;0;5;13.5;284.802197802;231.626373626
19;0;5;10.4;231.626373626;198.156934307
20;0;5;8.4;198.156934307;199.432234432
21;0;5;7.4;199.432234432;192.054744526
22;0;5;6.9;192.054744526;174.355311355
23;0;5;6.0;174.355311355;168.547794118
0;0;5;5.5;168.547794118;161.270072993
1;0;5;4.9;161.270072993;157.644688645
2;0;5;4.5;157.644688645;154.620437956
3;0;5;4.2;154.620437956;155.382352941
4;0;5;3.9;155.382352941;156.062043796
5;0;5;5.8;156.062043796;158.065693431
6;0;5;9.6;158.065693431;198.981684982
7;0;5;11.7;198.981684982;236.149635036
8;0;5;13.2;236.149635036;301.408759124
9;0;5;14.6;301.408759124;349.080586081
10;0;5;15.5;349.080586081;368.861313869
11;0;5;16.3;368.861313869;371.619047619
12;0;5;16.6;371.619047619;371.816849817
13;0;5;17.3;371.816849817;360.435897436
14;0;5;17.8;360.435897436;353.820224719
15;0;5;17.8;353.820224719;352.313953488
16;0;5;17.8;352.313953488;302.072033898
17;0;5;17.6;302.072033898;264.07755102
18;0;5;16.2;264.07755102;236.357142857
19;0;5;12.4;236.357142857;209.738589212
20;0;5;10.5;209.738589212;186.378723404
21;0;5;9.6;186.378723404;180.358649789
22;0;5;9.2;180.358649789;170.56846473
23;0;5;8.7;170.56846473;165.319148936
0;1;5;7.7;165.319148936;164.452674897
1;1;5;6.9;164.452674897;158.765432099
2;1;5;6.9;158.765432099;155.367768595
3;1;5;6.1;155.367768595;153.157676349
4;1;5;5.2;153.157676349;150.008163265
5;1;5;6.8;150.008163265;149.567901235
6;1;5;10.2;149.567901235;159.253061224
7;1;5;12.5;159.253061224;159.404958678
8;1;5;15.0;159.404958678;158.531120332
9;1;5;17.6;158.531120332;165.864197531
10;1;5;19.5;165.864197531;167.43220339
11;1;5;20.8;167.43220339;175.393442623
12;1;5;21.6;175.393442623;178.18699187
13;1;5;22.6;178.18699187;178.391836735
14;1;5;22.8;178.391836735;169.679012346
15;1;5;22.8;169.679012346;170.655737705
16;1;5;22.5;170.655737705;166.134693878
17;1;5;21.5;166.134693878;162.049180328
18;1;5;19.6;162.049180328;161.407407407
19;1;5;15.6;161.407407407;163.433884298
20;1;5;12.3;163.433884298;170.975308642
21;1;5;11.0;170.975308642;165.589211618
22;1;5;10.6;165.589211618;161.012244898
23;1;5;9.4;161.012244898;161.214285714
0;1;5;8.6;161.214285714;160.172131148
1;1;5;7.8;160.172131148;159.057142857
2;1;5;8.3;159.057142857;156.493775934
3;1;5;7.8;156.493775934;155.265560166
4;1;5;7.3;155.265560166;150.520491803
5;1;5;9.0;150.520491803;145.228215768
6;1;5;13.6;145.228215768;142.547325103
7;1;5;16.4;142.547325103;144.545081967
8;1;5;18.9;144.545081967;146.315352697
9;1;5;19.7;146.315352697;150.468619247
10;1;5;19.3;150.468619247;173.851239669
11;1;5;18.1;173.851239669;176.958677686
12;1;5;16.0;176.958677686;174.31120332
13;1;5;12.6;174.31120332;177.280487805
14;1;5;12.9;177.280487805;178.18487395
15;1;5;13.7;178.18487395;181.518672199
16;1;5;11.7;181.518672199;174.917073171
17;1;5;9.7;174.917073171;167.209756098
18;1;5;9.6;167.209756098;167.234042553
19;1;5;9.5;167.234042553;161.327659574
20;1;5;9.2;161.327659574;170.091666667
21;1;5;8.9;170.091666667;170.76446281
22;1;5;8.6;170.76446281;161.818181818
23;1;5;8.3;161.818181818;160.642857143
0;0;5;8.1;160.642857143;160.25
1;0;5;6.8;160.25;157.0
2;0;5;6.6;157.0;150.75
3;0;5;5.8;150.75;152.0
4;0;5;6.0;152.0;150.75
5;0;5;10.0;150.75;150.0
6;0;5;12.1;150.0;205.25
7;0;5;13.9;205.25;225.5
8;0;5;15.4;225.5;294.25
9;0;5;16.6;294.25;355.75
10;0;5;17.3;355.75;378.75
11;0;5;17.6;378.75;396.0
12;0;5;17.8;396.0;422.25
13;0;5;18.1;422.25;412.25
14;0;5;18.7;412.25;365.75
15;0;5;18.6;365.75;324.5
16;0;5;18.9;324.5;288.0
17;0;5;18.7;288.0;254.0
18;0;5;17.7;254.0;220.75
19;0;5;14.7;220.75;198.5
20;0;5;14.2;198.5;188.75
21;0;5;14.5;188.75;182.25
22;0;5;13.8;182.25;167.25
23;0;5;12.8;167.25;162.75
0;0;5;11.5;162.75;154.0
1;0;5;11.0;154.0;153.25
2;0;5;11.2;153.25;152.25
3;0;5;10.6;152.25;152.5
4;0;5;9.3;152.5;151.25
5;0;5;10.7;151.25;153.5
6;0;5;13.6;153.5;206.0
7;0;5;16.3;206.0;227.5
8;0;5;19.4;227.5;279.0
9;0;5;21.2;279.0;336.75
10;0;5;22.1;336.75;352.25
11;0;5;22.4;352.25;368.0
12;0;5;23.0;368.0;367.0
13;0;5;23.4;367.0;371.75
14;0;5;23.3;371.75;356.5
15;0;5;23.2;356.5;377.75
16;0;5;23.1;377.75;332.5
17;0;5;22.6;332.5;277.5
18;0;5;19.7;277.5;218.5
19;0;5;16.3;218.5;200.75
20;0;5;14.2;200.75;197.5
21;0;5;13.1;197.5;191.0
22;0;5;12.4;191.0;175.75
23;0;5;12.0;175.75;169.5
0;0;5;11.4;169.5;166.75
1;0;5;10.7;166.75;160.5
2;0;5;9.7;160.5;158.5
3;0;5;9.3;158.5;158.0
4;0;5;9.3;158.0;155.0
5;0;5;11.8;155.0;159.75
6;0;5;16.3;159.75;222.5
7;0;5;18.3;222.5;244.0
8;0;5;20.4;244.0;324.5
9;0;5;23.2;324.5;387.5
10;0;5;23.4;387.5;394.75
11;0;5;24.3;394.75;388.5
12;0;5;25.1;388.5;372.75
13;0;5;25.1;372.75;380.25
14;0;5;25.0;380.25;367.75
15;0;5;24.9;367.75;347.75
16;0;5;24.7;347.75;317.25
17;0;5;23.6;317.25;255.0
18;0;5;20.7;255.0;229.0
19;0;5;17.4;229.0;209.25
20;0;5;15.1;209.25;206.25
21;0;5;14.3;206.25;204.5
22;0;5;13.5;204.5;185.0
23;0;5;12.9;185.0;179.75
0;0;5;12.1;179.75;174.5
1;0;5;11.5;174.5;166.75
2;0;5;10.5;166.75;165.0
3;0;5;9.9;165.0;163.0
4;0;5;9.5;163.0;161.0
5;0;5;11.5;161.0;164.25
6;0;5;14.3;164.25;219.0
7;0;5;16.9;219.0;229.25
8;0;5;20.8;229.25;292.0
9;0;5;23.2;292.0;348.75
10;0;5;25.4;348.75;360.25
11;0;5;26.4;360.25;387.5
12;0;5;26.8;387.5;405.0
13;0;5;27.1;405.0;405.0
14;0;5;26.5;405.0;372.5
15;0;5;25.9;372.5;359.75
16;0;5;26.6;359.75;311.5
17;0;5;25.6;311.5;250.75
18;0;5;22.4;250.75;233.0
19;0;5;19.0;233.0;206.5
20;0;5;17.4;206.5;206.5
21;0;5;16.4;206.5;203.0
22;0;5;16.5;203.0;186.75
23;0;5;17.0;186.75;178.5
0;0;5;19.5;178.5;NaN
1;0;5;19.6;NaN;NaN
2;0;5;18.2;NaN;NaN
3;0;5;17.5;NaN;NaN
4;0;5;17.1;NaN;NaN
5;0;5;16.8;NaN;NaN
6;0;5;16.8;NaN;NaN
7;0;5;17.8;NaN;NaN
8;0;5;19.6;NaN;NaN
9;0;5;21.0;NaN;NaN
10;0;5;22.4;NaN;NaN
11;0;5;22.4;NaN;NaN
12;0;5;23.1;NaN;NaN
13;0;5;22.4;NaN;NaN
14;0;5;22.9;NaN;NaN
15;0;5;23.4;NaN;NaN
16;0;5;22.8;NaN;NaN
17;0;5;22.3;NaN;NaN
18;0;5;21.4;NaN;NaN
19;0;5;19.4;NaN;NaN
20;0;5;18.4;NaN;NaN
21;0;5;17.4;NaN;NaN
22;0;5;15.8;NaN;NaN
23;0;5;15.5;NaN;NaN
0;1;5;15.0;NaN;NaN
1;1;5;14.1;NaN;NaN
2;1;5;13.1;NaN;NaN
3;1;5;12.6;NaN;NaN
4;1;5;12.5;NaN;NaN
5;1;5;14.1;NaN;NaN
6;1;5;16.5;NaN;NaN
7;1;5;18.7;NaN;NaN
8;1;5;19.9;NaN;NaN
9;1;5;22.2;NaN;228.0
10;1;5;22.9;228.0;233.0
11;1;5;24.7;233.0;228.0
12;1;5;25.2;228.0;227.0
13;1;5;25.1;227.0;230.5
14;1;5;25.6;230.5;237.75
15;1;5;26.0;237.75;237.0
16;1;5;25.0;237.0;222.75
17;1;5;25.6;222.75;227.75
18;1;5;24.5;227.75;219.75
19;1;5;22.5;219.75;205.0
20;1;5;20.5;205.0;214.25
21;1;5;16.9;214.25;214.25
22;1;5;14.2;214.25;214.5
23;1;5;14.2;214.5;206.0
0;1;5;14.3;206.0;196.8
1;1;5;14.2;196.8;192.0
2;1;5;13.6;192.0;187.25
3;1;5;13.7;187.25;182.75
4;1;5;13.9;182.75;173.25
5;1;5;14.4;173.25;173.0
6;1;5;15.3;173.0;171.5
7;1;5;15.8;171.5;178.650684932
8;1;5;15.4;178.650684932;186.276422764
9;1;5;14.9;186.276422764;196.863453815
10;1;5;12.7;196.863453815;207.919354839
11;1;5;12.7;207.919354839;198.52016129
12;1;5;12.8;198.52016129;218.7375
13;1;5;12.0;218.7375;210.466346154
14;1;5;12.0;210.466346154;214.121495327
15;1;5;11.5;214.121495327;214.696682464
16;1;5;11.1;214.696682464;201.519047619
17;1;5;11.1;201.519047619;205.523148148
18;1;5;11.1;205.523148148;213.796460177
19;1;5;10.6;213.796460177;207.502242152
20;1;5;10.2;207.502242152;213.358974359
21;1;5;10.2;213.358974359;212.991701245
22;1;5;10.1;212.991701245;203.4
23;1;5;9.9;203.4;191.850202429
0;0;5;9.9;191.850202429;186.187755102
1;0;5;10.0;186.187755102;182.482071713
2;0;5;9.8;182.482071713;179.93877551
3;0;5;9.8;179.93877551;175.079497908
4;0;5;9.6;175.079497908;173.581300813
5;0;5;10.2;173.581300813;187.472
6;0;5;11.7;187.472;240.599190283
7;0;5;14.6;240.599190283;293.518218623
8;0;5;15.2;293.518218623;354.928286853
9;0;5;15.4;354.928286853;378.895652174
10;0;5;15.5;378.895652174;404.864864865
11;0;5;16.0;404.864864865;430.662222222
12;0;5;16.4;430.662222222;425.625550661
13;0;5;16.9;425.625550661;404.049107143
14;0;5;17.3;404.049107143;410.918918919
15;0;5;16.8;410.918918919;384.388127854
16;0;5;16.7;384.388127854;333.786069652
17;0;5;16.7;333.786069652;296.175609756
18;0;5;15.6;296.175609756;266.180094787
19;0;5;13.8;266.180094787;229.693023256
20;0;5;14.0;229.693023256;206.180995475
21;0;5;12.6;206.180995475;193.981651376
22;0;5;11.4;193.981651376;178.222772277
23;0;5;11.8;178.222772277;175.06
0;0;5;12.5;175.06;164.068181818
1;0;5;13.3;164.068181818;158.233050847
2;0;5;13.5;158.233050847;154.858870968
3;0;5;13.5;154.858870968;154.421052632
4;0;5;13.7;154.421052632;152.33877551
5;0;5;13.7;152.33877551;150.926829268
6;0;5;14.6;150.926829268;207.514423077
7;0;5;16.0;207.514423077;244.62
8;0;5;16.5;244.62;332.877729258
9;0;5;17.2;332.877729258;378.81981982
10;0;5;16.9;378.81981982;393.697777778
11;0;5;17.6;393.697777778;401.732758621
12;0;5;18.0;401.732758621;402.447826087
13;0;5;18.2;402.447826087;403.245614035
14;0;5;19.4;403.245614035;394.703056769
15;0;5;19.0;394.703056769;394.145299145
16;0;5;19.0;394.145299145;346.618025751
17;0;5;18.6;346.618025751;310.888412017
18;0;5;17.6;310.888412017;288.942731278
19;0;5;16.5;288.942731278;245.654867257
20;0;5;16.3;245.654867257;219.291304348
21;0;5;15.7;219.291304348;194.439655172
22;0;5;15.2;194.439655172;176.42173913
23;0;5;15.5;176.42173913;168.566371681
0;0;5;14.6;168.566371681;157.226086957
1;0;5;14.6;157.226086957;151.431718062
2;0;5;13.8;151.431718062;150.49339207
3;0;5;13.8;150.49339207;148.055319149
4;0;5;13.7;148.055319149;143.608695652
5;0;5;13.7;143.608695652;150.533632287
6;0;5;14.4;150.533632287;203.697777778
7;0;5;15.3;203.697777778;247.273542601
8;0;5;16.7;247.273542601;333.521367521
9;0;5;17.7;333.521367521;399.546255507
10;0;5;18.8;399.546255507;431.96969697
11;0;5;20.6;431.96969697;435.341991342
12;0;5;21.6;435.341991342;440.12601626
13;0;5;22.3;440.12601626;421.939271255
14;0;5;22.5;421.939271255;421.61752988
15;0;5;22.5;421.61752988;394.723577236
16;0;5;22.3;394.723577236;329.983471074
17;0;5;21.4;329.983471074;289.966942149
18;0;5;20.8;289.966942149;264.042372881
19;0;5;18.3;264.042372881;237.445945946
20;0;5;16.0;237.445945946;198.845454545
21;0;5;14.9;198.845454545;184.540178571
22;0;5;14.3;184.540178571;172.691666667
23;0;5;13.3;172.691666667;165.532520325
0;0;5;12.9;165.532520325;155.0
1;0;5;12.4;155.0;149.807228916
2;0;5;12.3;149.807228916;145.241935484
3;0;5;12.2;145.241935484;145.457831325
4;0;5;12.0;145.457831325;144.588709677
5;0;5;13.6;144.588709677;150.024390244
6;0;5;16.5;150.024390244;215.123505976
7;0;5;19.2;215.123505976;251.067460317
8;0;5;20.3;251.067460317;341.756521739
9;0;5;22.2;341.756521739;386.143478261
10;0;5;23.3;386.143478261;400.367713004
11;0;5;24.3;400.367713004;419.92244898
12;0;5;24.8;419.92244898;427.37751004
13;0;5;24.8;427.37751004;425.78
14;0;5;25.3;425.78;418.497959184
15;0;5;24.8;418.497959184;397.755102041
16;0;5;25.2;397.755102041;346.004065041
17;0;5;24.7;346.004065041;289.619834711
18;0;5;22.0;289.619834711;278.479820628
19;0;5;19.4;278.479820628;243.601851852
20;0;5;17.4;243.601851852;224.431111111
21;0;5;16.4;224.431111111;200.383966245
22;0;5;15.7;200.383966245;182.487394958
23;0;5;15.4;182.487394958;170.515418502
0;0;5;15.0;170.515418502;164.175438596
1;0;5;14.8;164.175438596;156.844262295
2;0;5;14.4;156.844262295;154.791878173
3;0;5;13.8;154.791878173;153.805194805
4;0;5;13.8;153.805194805;152.920704846
5;0;5;14.9;152.920704846;155.410714286
6;0;5;18.0;155.410714286;204.115555556
7;0;5;20.6;204.115555556;221.004385965
8;0;5;22.8;221.004385965;314.959459459
9;0;5;23.7;314.959459459;383.214953271
10;0;5;24.7;383.214953271;393.612244898
11;0;5;25.4;393.612244898;423.834254144
12;0;5;25.8;423.834254144;431.608108108
13;0;5;26.3;431.608108108;430.9004329
14;0;5;26.5;430.9004329;417.675438596
15;0;5;26.0;417.675438596;379.03125
16;0;5;25.5;379.03125;322.785714286
17;0;5;25.0;322.785714286;268.533039648
18;0;5;24.4;268.533039648;216.103004292
19;0;5;21.1;216.103004292;186.670995671
20;0;5;19.0;186.670995671;183.034782609
21;0;5;18.1;183.034782609;184.054298643
22;0;5;17.7;184.054298643;169.121621622
23;0;5;16.6;169.121621622;164.962962963
0;1;5;15.7;164.962962963;159.963800905
1;1;5;15.6;159.963800905;155.493150685
2;1;5;14.8;155.493150685;152.966824645
3;1;5;14.4;152.966824645;150.413636364
4;1;5;14.4;150.413636364;147.751152074
5;1;5;16.1;147.751152074;142.610091743
6;1;5;19.2;142.610091743;164.78440367
7;1;5;21.3;164.78440367;166.056074766
8;1;5;23.0;166.056074766;134.071748879
9;1;5;25.3;134.071748879;184.208888889
10;1;5;26.1;184.208888889;210.132420091
11;1;5;26.9;210.132420091;217.261904762
12;1;5;27.4;217.261904762;194.737864078
13;1;5;27.0;194.737864078;193.943925234
14;1;5;26.6;193.943925234;210.967889908
15;1;5;17.5;210.967889908;211.469194313
16;1;5;17.4;211.469194313;192.620853081
17;1;5;17.8;192.620853081;187.259803922
18;1;5;18.2;187.259803922;179.942307692
19;1;5;18.0;179.942307692;179.823529412
20;1;5;17.2;179.823529412;180.338383838
21;1;5;16.1;180.338383838;176.89119171
22;1;5;14.9;176.89119171;159.348039216
23;1;5;14.0;159.348039216;153.483870968
0;1;5;13.2;153.483870968;153.584745763
1;1;5;12.8;153.584745763;146.732142857
2;1;5;12.2;146.732142857;147.353982301
3;1;5;12.1;147.353982301;146.163090129
4;1;5;12.0;146.163090129;143.858369099
5;1;5;13.1;143.858369099;143.703539823
6;1;5;15.1;143.703539823;143.286956522
7;1;5;16.3;143.286956522;143.81938326
8;1;5;19.4;143.81938326;146.970588235
9;1;5;21.4;146.970588235;150.583333333
10;1;5;22.6;150.583333333;155.089686099
11;1;5;23.7;155.089686099;157.222222222
12;1;5;24.8;157.222222222;161.004385965
13;1;5;25.6;161.004385965;163.935064935
14;1;5;26.0;163.935064935;165.375565611
15;1;5;25.7;165.375565611;169.952173913
16;1;5;25.7;169.952173913;164.799107143
17;1;5;25.2;164.799107143;168.623318386
18;1;5;20.6;168.623318386;173.389423077
19;1;5;17.7;173.389423077;171.0
20;1;5;16.8;171.0;177.40625
21;1;5;16.6;177.40625;168.164705882
22;1;5;15.8;168.164705882;165.231182796
23;1;5;15.8;165.231182796;160.933014354
0;0;5;15.8;160.933014354;154.251184834
1;0;5;15.1;154.251184834;148.236363636
2;0;5;15.0;148.236363636;147.823529412
3;0;5;14.6;147.823529412;146.938596491
4;0;5;14.8;146.938596491;145.964285714
5;0;5;15.8;145.964285714;154.219827586
6;0;5;18.3;154.219827586;195.561085973
7;0;5;20.4;195.561085973;246.187793427
8;0;5;21.1;246.187793427;328.296460177
9;0;5;23.8;328.296460177;377.138528139
10;0;5;25.3;377.138528139;417.03930131
11;0;5;26.0;417.03930131;471.391111111
12;0;5;26.4;471.391111111;495.971962617
13;0;5;26.8;495.971962617;485.692307692
14;0;5;27.3;485.692307692;499.836283186
15;0;5;23.8;499.836283186;476.127272727
16;0;5;24.1;476.127272727;369.395348837
17;0;5;22.5;369.395348837;331.171171171
18;0;5;19.9;331.171171171;280.230088496
19;0;5;19.9;280.230088496;262.793577982
20;0;5;19.1;262.793577982;222.331818182
21;0;5;18.9;222.331818182;207.254545455
22;0;5;18.3;207.254545455;187.230769231
23;0;5;18.9;187.230769231;175.762790698
0;0;5;17.7;175.762790698;167.793859649
1;0;5;16.9;167.793859649;162.236607143
2;0;5;16.0;162.236607143;157.113537118
3;0;5;15.4;157.113537118;157.627705628
4;0;5;15.0;157.627705628;155.8125
5;0;5;16.1;155.8125;159.46460177
6;0;5;19.0;159.46460177;198.013043478
7;0;5;20.7;198.013043478;263.487068966
8;0;5;22.6;263.487068966;372.727678571
9;0;5;24.0;372.727678571;440.674107143
10;0;5;25.7;440.674107143;468.194690265
11;0;5;26.1;468.194690265;498.164502165
12;0;5;26.4;498.164502165;477.251121076
13;0;5;26.8;477.251121076;471.905063291
14;0;5;26.8;471.905063291;465.41875
15;0;5;26.7;465.41875;457.556053812
16;0;5;26.9;457.556053812;379.592105263
17;0;5;26.3;379.592105263;331.547826087
18;0;5;24.7;331.547826087;291.057268722
19;0;5;21.2;291.057268722;233.034632035
20;0;5;20.0;233.034632035;214.686098655
21;0;5;18.6;214.686098655;202.852678571
22;0;5;18.4;202.852678571;185.328947368
23;0;5;18.0;185.328947368;180.052863436
0;0;5;17.7;180.052863436;171.017699115
1;0;5;16.6;171.017699115;161.165938865
2;0;5;16.0;161.165938865;160.386666667
3;0;5;16.0;160.386666667;159.107758621
4;0;5;15.6;159.107758621;158.391304348
5;0;5;17.3;158.391304348;163.054545455
6;0;5;19.7;163.054545455;204.401785714
7;0;5;22.9;204.401785714;256.947136564
8;0;5;23.8;256.947136564;349.827272727
9;0;5;24.3;349.827272727;403.392307692
10;0;5;24.2;403.392307692;426.75
11;0;5;24.7;426.75;453.5
12;0;5;25.0;453.5;453.5
13;0;5;25.0;453.5;459.25
14;0;5;25.3;459.25;453.0
15;0;5;25.3;453.0;430.0
16;0;5;24.7;430.0;372.25
17;0;5;24.1;372.25;320.0
18;0;5;22.3;320.0;270.75
19;0;5;20.8;270.75;239.5
20;0;5;19.5;239.5;202.0
21;0;5;18.0;202.0;193.0
22;0;5;17.2;193.0;181.5
23;0;5;15.6;181.5;172.0
0;0;5;15.2;172.0;166.5
1;0;5;15.4;166.5;160.5
2;0;5;14.5;160.5;157.5
3;0;5;14.3;157.5;156.25
4;0;5;13.3;156.25;153.752212389
5;0;5;15.2;153.752212389;156.403669725
6;0;5;17.7;156.403669725;204.205240175
7;0;5;19.6;204.205240175;251.907079646
8;0;5;20.2;251.907079646;339.692982456
9;0;5;20.6;339.692982456;391.995670996
10;0;5;22.5;391.995670996;427.168141593
11;0;5;23.6;427.168141593;465.395555556
12;0;5;24.2;465.395555556;463.084507042
13;0;5;25.4;463.084507042;471.230088496
14;0;5;25.7;471.230088496;476.809734513
15;0;5;26.3;476.809734513;435.008849558
16;0;5;26.4;435.008849558;370.398230088
17;0;5;25.7;370.398230088;320.612068966
18;0;5;24.3;320.612068966;259.308370044
19;0;5;20.5;259.308370044;216.688596491
20;0;5;18.0;216.688596491;204.703539823
21;0;5;17.1;204.703539823;197.352422907
22;0;5;16.5;197.352422907;187.305676856
23;0;5;15.6;187.305676856;181.857777778
0;0;5;15.7;181.857777778;176.770562771
1;0;5;15.4;176.770562771;172.538793103
2;0;5;14.8;172.538793103;163.029535865
3;0;5;14.6;163.029535865;161.679487179
4;0;5;14.5;161.679487179;160.783549784
5;0;5;16.6;160.783549784;163.587234043
6;0;5;18.4;163.587234043;205.259574468
7;0;5;20.9;205.259574468;257.086956522
8;0;5;23.0;257.086956522;348.612765957
9;0;5;24.9;348.612765957;471.256410256
10;0;5;26.4;471.256410256;501.298701299
11;0;5;27.8;501.298701299;538.008547009
12;0;5;28.9;538.008547009;534.747863248
13;0;5;29.2;534.747863248;535.563559322
14;0;5;29.8;535.563559322;537.458515284
15;0;5;30.5;537.458515284;526.431623932
16;0;5;29.7;526.431623932;438.309734513
17;0;5;28.7;438.309734513;389.225531915
18;0;5;27.2;389.225531915;293.276595745
19;0;5;25.3;293.276595745;208.215859031
20;0;5;24.2;208.215859031;196.995708155
21;0;5;21.3;196.995708155;191.708860759
22;0;5;23.5;191.708860759;179.021551724
23;0;5;20.4;179.021551724;174.153508772
0;1;5;16.3;174.153508772;169.575757576
1;1;5;14.1;169.575757576;169.037815126
2;1;5;13.6;169.037815126;161.513043478
3;1;5;13.1;161.513043478;157.151515152
4;1;5;13.3;157.151515152;154.343220339
5;1;5;13.4;154.343220339;155.360515021
6;1;5;12.9;155.360515021;163.329113924
7;1;5;12.6;163.329113924;161.088495575
8;1;5;12.4;161.088495575;170.724576271
9;1;5;12.2;170.724576271;234.572052402
10;1;5;13.0;234.572052402;216.449579832
11;1;5;13.6;216.449579832;226.43231441
12;1;5;14.3;226.43231441;211.391489362
13;1;5;14.7;211.391489362;208.360515021
14;1;5;15.6;208.360515021;225.815450644
15;1;5;15.7;225.815450644;206.692307692
16;1;5;15.8;206.692307692;172.399122807
17;1;5;15.6;172.399122807;167.145833333
18;1;5;15.0;167.145833333;168.755458515
19;1;5;14.7;168.755458515;168.439130435
20;1;5;14.2;168.439130435;168.449781659
21;1;5;13.6;168.449781659;165.103448276
22;1;5;13.6;165.103448276;159.079831933
23;1;5;13.2;159.079831933;156.004347826
0;1;5;12.3;156.004347826;155.551724138
1;1;5;10.9;155.551724138;155.098712446
2;1;5;10.2;155.098712446;155.560869565
3;1;5;9.8;155.560869565;154.200854701
4;1;5;9.8;154.200854701;148.257383966
5;1;5;11.9;148.257383966;145.411016949
6;1;5;14.9;145.411016949;144.406779661
7;1;5;16.7;144.406779661;145.35021097
8;1;5;18.4;145.35021097;145.811965812
9;1;5;19.2;145.811965812;195.862222222
10;1;5;20.2;195.862222222;177.87037037
11;1;5;20.6;177.87037037;192.017021277
12;1;5;21.2;192.017021277;200.510548523
13;1;5;21.7;200.510548523;199.1
14;1;5;22.6;199.1;187.429752066
15;1;5;22.2;187.429752066;192.88362069
16;1;5;22.3;192.88362069;175.132478632
17;1;5;21.9;175.132478632;165.948717949
18;1;5;21.0;165.948717949;162.886075949
19;1;5;16.8;162.886075949;161.483050847
20;1;5;14.9;161.483050847;164.567099567
21;1;5;13.8;164.567099567;168.274678112
22;1;5;13.3;168.274678112;162.164556962
23;1;5;13.0;162.164556962;155.92173913
0;0;5;12.7;155.92173913;154.628820961
1;0;5;12.0;154.628820961;154.68487395
2;0;5;11.5;154.68487395;149.769911504
3;0;5;11.0;149.769911504;150.449152542
4;0;5;11.3;150.449152542;150.863436123
5;0;5;13.6;150.863436123;164.17721519
6;0;5;17.1;164.17721519;199.940425532
7;0;5;19.3;199.940425532;262.611814346
8;0;5;21.4;262.611814346;387.084745763
9;0;5;22.5;387.084745763;422.472340426
10;0;5;23.0;422.472340426;462.911894273
11;0;5;23.2;462.911894273;481.034632035
12;0;5;23.5;481.034632035;486.487394958
13;0;5;23.8;486.487394958;488.99137931
14;0;5;24.3;488.99137931;482.327659574
15;0;5;24.4;482.327659574;456.848101266
16;0;5;24.4;456.848101266;365.622881356
17;0;5;24.4;365.622881356;315.49137931
18;0;5;24.3;315.49137931;267.725321888
19;0;5;20.3;267.725321888;228.415584416
20;0;5;18.3;228.415584416;214.206896552
21;0;5;17.5;214.206896552;205.343220339
22;0;5;16.6;205.343220339;194.52173913
23;0;5;16.2;194.52173913;183.83982684
0;0;5;15.7;183.83982684;174.811158798
1;0;5;15.8;174.811158798;163.360515021
2;0;5;14.8;163.360515021;162.868644068
3;0;5;14.5;162.868644068;160.225531915
4;0;5;14.5;160.225531915;160.301724138
5;0;5;16.4;160.301724138;167.877637131
6;0;5;19.3;167.877637131;208.829787234
7;0;5;22.0;208.829787234;250.122881356
8;0;5;23.0;250.122881356;351.987068966
9;0;5;23.8;351.987068966;382.594827586
10;0;5;24.9;382.594827586;409.730769231
11;0;5;25.7;409.730769231;518.730941704
12;0;5;26.6;518.730941704;508.180257511
13;0;5;27.1;508.180257511;522.43776824
14;0;5;26.6;522.43776824;537.876068376
15;0;5;26.7;537.876068376;526.0969163
16;0;5;27.7;526.0969163;453.812765957
17;0;5;23.9;453.812765957;380.787234043
18;0;5;23.2;380.787234043;301.939914163
19;0;5;22.2;301.939914163;231.356223176
20;0;5;20.1;231.356223176;199.564655172
21;0;5;19.0;199.564655172;200.666666667
22;0;5;17.8;200.666666667;190.756302521
23;0;5;17.0;190.756302521;181.438818565
