Sat;DanUTjednu;Mjesec;Temperatura;Potrosnja
0;6;1;-4.2;171.25
1;6;1;-4.5;171.0
2;6;1;-4.8;171.5
3;6;1;-4.6;171.5
4;6;1;-4.8;163.5
5;6;1;-5.0;156.5
6;6;1;-5.1;157.25
7;6;1;-5.1;153.0
8;6;1;-5.0;147.75
9;6;1;-5.0;145.75
10;6;1;-5.0;146.5
11;6;1;-4.9;150.25
12;6;1;-4.8;150.25
13;6;1;-4.6;158.5
14;6;1;-4.3;158.0
15;6;1;-4.2;158.25
16;6;1;-4.2;162.5
17;6;1;-4.2;164.25
18;6;1;-4.1;165.0
19;6;1;-4.0;167.0
20;6;1;-4.2;169.0
21;6;1;-4.0;165.75
22;6;1;-3.9;163.0
23;6;1;-3.5;161.75
0;7;1;-3.2;162.0
1;7;1;-3.0;162.75
2;7;1;-3.1;161.25
3;7;1;-3.2;159.75
4;7;1;-2.9;158.0
5;7;1;-2.9;160.25
6;7;1;-2.9;163.0
7;7;1;-2.8;161.25
8;7;1;-2.0;161.75
9;7;1;-1.9;160.0
10;7;1;-1.5;167.25
11;7;1;-1.1;173.0
12;7;1;-0.9;171.0
13;7;1;-0.7;172.25
14;7;1;-0.5;170.75
15;7;1;-0.7;172.25
16;7;1;-0.7;179.25
17;7;1;-0.5;184.5
18;7;1;-0.4;184.5
19;7;1;-0.7;184.25
20;7;1;-1.4;178.0
21;7;1;-2.3;174.0
22;7;1;-2.4;176.5
23;7;1;-3.2;171.5
0;1;1;-4.0;169.5
1;1;1;-4.2;167.5
2;1;1;-5.2;166.25
3;1;1;-7.2;165.5
4;1;1;-7.5;165.5
5;1;1;-6.2;172.75
6;1;1;-5.4;224.5
7;1;1;-4.2;284.0
8;1;1;-3.9;344.0
9;1;1;-3.9;393.5
10;1;1;-3.3;419.25
11;1;1;-2.9;412.25
12;1;1;-2.4;415.25
13;1;1;-2.5;403.75
14;1;1;-2.4;405.75
15;1;1;-2.5;406.5
16;1;1;-2.0;380.0
17;1;1;-1.9;348.5
18;1;1;-1.9;321.25
19;1;1;-2.0;271.0
20;1;1;-2.9;219.0
21;1;1;-5.8;205.0
22;1;1;-6.5;187.5
23;1;1;-4.9;181.0
0;2;1;-4.6;178.75
1;2;1;-4.2;178.0
2;2;1;-3.9;179.0
3;2;1;-3.6;178.75
4;2;1;-3.6;179.25
5;2;1;-3.8;183.5
6;2;1;-3.8;228.25
7;2;1;-2.9;276.5
8;2;1;-2.8;363.0
9;2;1;-2.9;436.0
10;2;1;-2.9;446.25
11;2;1;-2.9;451.5
12;2;1;-2.4;440.0
13;2;1;-1.7;423.75
14;2;1;-1.7;408.25
15;2;1;-2.8;402.0
16;2;1;-3.7;387.0
17;2;1;-4.7;355.75
18;2;1;-3.7;323.5
19;2;1;-2.8;263.0
20;2;1;-2.8;230.25
21;2;1;-2.8;202.75
22;2;1;-2.8;180.75
23;2;1;-3.0;175.0
0;3;1;-3.2;174.0
1;3;1;-3.0;172.25
2;3;1;-3.1;175.0
3;3;1;-3.2;176.0
4;3;1;-3.3;175.75
5;3;1;-3.3;182.0
6;3;1;-3.3;222.5
7;3;1;-3.4;273.25
8;3;1;-2.9;369.5
9;3;1;-2.8;407.5
10;3;1;-2.5;423.333333333
11;3;1;-2.2;436.5
12;3;1;-1.9;433.25
13;3;1;-1.8;426.25
14;3;1;-1.7;422.75
15;3;1;-1.8;413.25
16;3;1;-1.8;393.5
17;3;1;-2.0;362.25
18;3;1;-2.1;330.25
19;3;1;-2.2;267.5
20;3;1;-2.5;230.75
21;3;1;-3.2;201.5
22;3;1;-4.0;180.25
23;3;1;-4.1;175.25
0;4;1;-3.9;168.75
1;4;1;-3.5;168.5
2;4;1;-3.9;168.0
3;4;1;-4.1;167.75
4;4;1;-3.8;168.5
5;4;1;-3.6;169.0
6;4;1;-3.5;167.0
7;4;1;-3.2;165.75
8;4;1;-2.4;177.25
9;4;1;-1.5;176.25
10;4;1;-0.1;178.25
11;4;1;0.4;182.75
12;4;1;1.3;186.25
13;4;1;2.0;187.25
14;4;1;2.1;186.75
15;4;1;2.4;194.75
16;4;1;4.0;198.25
17;4;1;3.8;197.75
18;4;1;2.7;197.0
19;4;1;2.3;195.25
20;4;1;2.6;185.25
21;4;1;3.8;179.25
22;4;1;3.9;176.25
23;4;1;4.9;177.75
0;5;1;5.0;176.0
1;5;1;5.0;175.25
2;5;1;5.4;175.0
3;5;1;5.9;173.5
4;5;1;6.8;173.75
5;5;1;7.6;173.5
6;5;1;8.2;192.25
7;5;1;8.1;195.75
8;5;1;9.3;214.75
9;5;1;9.7;225.75
10;5;1;11.3;236.0
11;5;1;12.9;235.75
12;5;1;13.2;233.0
13;5;1;12.9;232.75
14;5;1;13.1;233.25
15;5;1;12.5;227.5
16;5;1;12.0;237.5
17;5;1;11.8;230.75
18;5;1;11.6;216.0
19;5;1;11.0;206.25
20;5;1;11.3;194.0
21;5;1;11.6;183.75
22;5;1;11.1;175.5
23;5;1;11.4;170.0
0;6;1;11.0;173.75
1;6;1;10.9;172.0
2;6;1;11.1;171.75
3;6;1;11.1;170.25
4;6;1;11.4;170.5
5;6;1;11.6;168.0
6;6;1;10.6;171.75
7;6;1;11.1;170.75
8;6;1;11.6;169.75
9;6;1;12.1;171.75
10;6;1;12.5;178.75
11;6;1;13.0;180.25
12;6;1;13.1;181.0
13;6;1;13.9;179.75
14;6;1;14.4;185.5
15;6;1;13.9;189.0
16;6;1;12.8;193.75
17;6;1;12.6;202.25
18;6;1;12.2;198.5
19;6;1;12.0;198.25
20;6;1;11.9;193.25
21;6;1;11.0;183.75
22;6;1;10.6;172.75
23;6;1;9.8;168.75
0;7;1;9.2;167.75
1;7;1;9.7;165.0
2;7;1;9.0;166.5
3;7;1;9.4;166.25
4;7;1;8.9;165.75
5;7;1;8.1;166.0
6;7;1;6.1;166.75
7;7;1;5.3;164.25
8;7;1;9.3;163.0
9;7;1;12.3;166.75
10;7;1;14.1;171.0
11;7;1;15.4;172.0
12;7;1;15.8;176.75
13;7;1;15.9;177.75
14;7;1;15.2;178.0
15;7;1;14.2;176.5
16;7;1;13.0;183.0
17;7;1;11.7;192.75
18;7;1;11.7;194.25
19;7;1;12.4;192.75
20;7;1;11.6;190.0
21;7;1;11.6;180.5
22;7;1;8.7;171.0
23;7;1;6.6;167.5
0;1;1;5.5;166.0
1;1;1;5.4;168.0
2;1;1;4.9;165.5
3;1;1;4.8;165.25
4;1;1;4.9;166.0
5;1;1;5.0;171.5
6;1;1;5.1;214.75
7;1;1;4.9;266.5
8;1;1;5.7;366.5
9;1;1;6.5;448.0
10;1;1;8.6;467.5
11;1;1;10.1;459.5
12;1;1;11.1;492.75
13;1;1;11.5;489.5
14;1;1;11.1;466.0
15;1;1;10.1;451.75
16;1;1;9.7;403.75
17;1;1;8.4;346.5
18;1;1;7.2;300.75
19;1;1;6.4;254.0
20;1;1;6.5;220.25
21;1;1;5.9;203.5
22;1;1;4.9;187.25
23;1;1;4.7;185.0
0;2;1;3.7;182.5
1;2;1;3.8;174.75
2;2;1;4.2;176.25
3;2;1;4.1;178.0
4;2;1;3.8;176.5
5;2;1;3.7;184.5
6;2;1;3.6;229.0
7;2;1;3.7;278.5
8;2;1;3.5;355.25
9;2;1;3.7;446.5
10;2;1;3.8;482.5
11;2;1;4.1;493.25
12;2;1;4.1;486.25
13;2;1;4.3;495.0
14;2;1;4.3;491.25
15;2;1;4.2;458.25
16;2;1;4.2;416.25
17;2;1;4.1;369.0
18;2;1;4.1;322.25
19;2;1;4.1;281.0
20;2;1;4.1;244.0
21;2;1;4.1;219.0
22;2;1;4.1;199.25
23;2;1;4.1;191.5
0;3;1;4.1;NaN
1;3;1;4.2;NaN
2;3;1;4.3;NaN
3;3;1;4.2;NaN
4;3;1;4.1;NaN
5;3;1;4.1;NaN
6;3;1;4.1;NaN
7;3;1;4.2;NaN
8;3;1;4.7;NaN
9;3;1;4.7;441.5
10;3;1;4.9;458.25
11;3;1;5.1;476.25
12;3;1;6.6;472.5
13;3;1;6.8;NaN
14;3;1;7.0;NaN
15;3;1;6.3;413.0
16;3;1;5.3;375.25
17;3;1;3.0;341.0
18;3;1;1.8;323.25
19;3;1;1.0;284.75
20;3;1;0.5;225.5
21;3;1;1.1;204.25
22;3;1;4.0;186.25
23;3;1;3.7;181.25
0;4;1;3.7;182.25
1;4;1;3.6;177.5
2;4;1;3.7;177.25
3;4;1;3.3;179.5
4;4;1;3.2;178.5
5;4;1;3.3;192.5
6;4;1;3.2;241.0
7;4;1;3.4;312.5
8;4;1;4.0;374.75
9;4;1;4.2;427.0
10;4;1;4.4;433.0
11;4;1;5.3;438.666666667
12;4;1;8.3;419.75
13;4;1;10.4;402.25
14;4;1;10.1;409.0
15;4;1;9.9;441.5
16;4;1;9.0;397.5
17;4;1;7.1;358.5
18;4;1;6.9;344.5
19;4;1;7.0;291.25
20;4;1;6.6;240.5
21;4;1;6.3;220.5
22;4;1;6.4;199.0
23;4;1;6.0;186.75
0;5;1;5.9;176.75
1;5;1;5.8;172.0
2;5;1;5.8;172.0
3;5;1;5.5;173.25
4;5;1;4.1;171.75
5;5;1;3.6;180.75
6;5;1;3.4;218.0
7;5;1;3.2;254.5
8;5;1;4.8;350.75
9;5;1;6.1;422.25
10;5;1;8.9;429.5
11;5;1;10.7;444.5
12;5;1;11.9;452.75
13;5;1;12.9;459.25
14;5;1;12.4;427.75
15;5;1;12.2;422.25
16;5;1;9.7;391.5
17;5;1;7.3;355.5
18;5;1;5.8;294.5
19;5;1;4.7;264.5
20;5;1;4.6;226.25
21;5;1;3.8;202.75
22;5;1;3.7;187.5
23;5;1;2.9;180.5
0;6;1;2.6;185.5
1;6;1;2.0;182.25
2;6;1;1.7;180.5
3;6;1;1.4;179.0
4;6;1;1.0;177.5
5;6;1;1.0;176.5
6;6;1;2.6;179.5
7;6;1;3.4;178.0
8;6;1;4.0;193.25
9;6;1;5.2;191.25
10;6;1;6.0;200.5
11;6;1;6.4;209.75
12;6;1;10.1;198.75
13;6;1;11.4;191.5
14;6;1;12.5;173.25
15;6;1;11.8;166.0
16;6;1;8.3;174.0
17;6;1;6.2;189.0
18;6;1;5.1;187.25
19;6;1;4.0;182.5
20;6;1;3.3;178.0
21;6;1;3.1;171.5
22;6;1;2.9;165.0
23;6;1;3.3;162.25
0;7;1;3.0;160.0
1;7;1;1.8;160.5
2;7;1;2.2;160.75
3;7;1;2.1;159.5
4;7;1;1.2;157.5
5;7;1;1.9;157.0
6;7;1;2.7;158.25
7;7;1;1.5;154.5
8;7;1;2.3;150.25
9;7;1;3.0;152.25
10;7;1;3.7;154.75
11;7;1;5.0;158.0
12;7;1;7.6;162.5
13;7;1;9.1;163.0
14;7;1;9.9;161.5
15;7;1;8.9;162.5
16;7;1;7.3;164.0
17;7;1;5.0;175.75
18;7;1;3.9;180.75
19;7;1;2.9;179.75
20;7;1;2.8;176.0
21;7;1;2.0;168.75
22;7;1;1.9;163.0
23;7;1;0.9;160.5
0;1;1;0.7;159.5
1;1;1;0.6;158.75
2;1;1;0.0;155.75
3;1;1;-0.2;155.0
4;1;1;-0.8;153.75
5;1;1;-1.3;157.75
6;1;1;-1.6;228.25
7;1;1;-1.2;291.5
8;1;1;-0.3;367.75
9;1;1;0.6;426.25
10;1;1;1.6;462.25
11;1;1;3.6;463.25
12;1;1;6.4;457.0
13;1;1;9.4;454.75
14;1;1;10.5;450.0
15;1;1;10.2;431.25
16;1;1;7.1;388.0
17;1;1;4.5;357.5
18;1;1;4.3;320.75
19;1;1;3.4;256.5
20;1;1;3.3;229.25
21;1;1;3.2;210.0
22;1;1;3.1;192.5
23;1;1;2.1;182.5
0;2;1;1.1;180.25
1;2;1;0.6;177.25
2;2;1;0.1;178.0
3;2;1;0.0;174.0
4;2;1;-0.8;171.25
5;2;1;-0.3;178.75
6;2;1;-1.1;244.5
7;2;1;-0.6;286.5
8;2;1;0.1;351.0
9;2;1;1.3;422.0
10;2;1;0.6;445.25
11;2;1;1.5;445.75
12;2;1;2.7;427.5
13;2;1;4.8;421.0
14;2;1;4.8;399.0
15;2;1;3.5;386.75
16;2;1;2.5;362.75
17;2;1;1.6;334.25
18;2;1;1.4;311.25
19;2;1;0.4;257.0
20;2;1;-0.6;232.25
21;2;1;-0.8;210.5
22;2;1;-0.8;191.25
23;2;1;-0.8;180.25
0;3;1;-0.8;178.75
1;3;1;-0.8;174.75
2;3;1;-1.3;173.0
3;3;1;-2.0;171.75
4;3;1;-1.2;168.5
5;3;1;-1.4;171.5
6;3;1;-2.2;237.0
7;3;1;-2.2;275.0
8;3;1;-2.0;354.0
9;3;1;-0.4;423.0
10;3;1;0.6;443.0
11;3;1;2.0;452.75
12;3;1;2.1;464.25
13;3;1;2.2;445.25
14;3;1;2.3;450.0
15;3;1;3.0;464.25
16;3;1;3.0;422.0
17;3;1;3.1;368.0
18;3;1;3.1;341.25
19;3;1;3.2;283.75
20;3;1;3.5;230.5
21;3;1;3.2;202.5
22;3;1;3.0;193.75
23;3;1;3.1;188.25
0;4;1;3.1;183.0
1;4;1;3.1;174.25
2;4;1;3.0;172.0
3;4;1;2.2;170.5
4;4;1;2.5;170.75
5;4;1;3.1;179.5
6;4;1;3.1;249.5
7;4;1;3.1;280.0
8;4;1;3.5;367.25
9;4;1;4.0;426.25
10;4;1;4.3;436.0
11;4;1;4.6;448.25
12;4;1;4.5;473.0
13;4;1;4.1;448.25
14;4;1;3.9;450.0
15;4;1;3.8;471.25
16;4;1;3.7;425.5
17;4;1;3.7;390.0
18;4;1;3.7;325.75
19;4;1;3.5;264.25
20;4;1;3.1;235.25
21;4;1;2.8;207.5
22;4;1;2.8;184.5
23;4;1;2.6;177.0
0;5;1;2.5;175.5
1;5;1;2.1;173.0
2;5;1;1.8;169.5
3;5;1;1.6;171.5
4;5;1;1.5;169.25
5;5;1;1.3;179.75
6;5;1;1.3;243.0
7;5;1;1.3;285.5
8;5;1;1.3;385.0
9;5;1;1.4;462.25
10;5;1;1.3;474.25
11;5;1;2.4;500.75
12;5;1;2.7;490.25
13;5;1;2.8;477.25
14;5;1;2.8;461.0
15;5;1;2.5;449.5
16;5;1;2.2;412.75
17;5;1;1.7;340.5
18;5;1;1.6;288.0
19;5;1;1.3;242.25
20;5;1;1.2;212.75
21;5;1;0.8;192.25
22;5;1;0.7;176.5
23;5;1;0.7;175.5
0;6;1;0.6;175.0
1;6;1;0.5;172.75
2;6;1;-0.1;171.0
3;6;1;-0.3;168.5
4;6;1;-0.3;168.25
5;6;1;-0.3;166.0
6;6;1;-0.3;181.25
7;6;1;-0.4;178.25
8;6;1;-0.2;187.0
9;6;1;-0.2;200.0
10;6;1;-0.1;199.5
11;6;1;0.3;204.5
12;6;1;0.8;213.0
13;6;1;0.9;208.0
14;6;1;0.8;203.5
15;6;1;0.6;205.5
16;6;1;0.1;205.5
17;6;1;-0.3;206.0
18;6;1;-0.5;205.25
19;6;1;-0.6;196.75
20;6;1;-0.8;192.5
21;6;1;-0.7;184.75
22;6;1;-0.7;181.75
23;6;1;-0.7;174.75
0;7;1;-1.1;175.25
1;7;1;-1.6;177.5
2;7;1;-1.7;176.25
3;7;1;-2.3;175.75
4;7;1;-2.5;171.75
5;7;1;-2.7;168.0
6;7;1;-3.2;177.0
7;7;1;-3.5;171.25
8;7;1;-2.7;170.75
9;7;1;-1.6;169.0
10;7;1;-0.6;170.75
11;7;1;0.3;172.0
12;7;1;1.2;176.25
13;7;1;1.5;185.75
14;7;1;1.4;184.25
15;7;1;1.4;183.0
16;7;1;0.2;185.25
17;7;1;0.4;200.75
18;7;1;0.6;206.25
19;7;1;0.6;201.75
20;7;1;-0.4;190.0
21;7;1;-1.1;184.0
22;7;1;-2.0;168.5
23;7;1;-2.3;167.5
0;1;1;-2.5;169.0
1;1;1;-3.2;164.5
2;1;1;-3.2;163.25
3;1;1;-3.2;163.5
4;1;1;-3.2;163.5
5;1;1;-3.9;176.25
6;1;1;-4.3;238.25
7;1;1;-4.1;290.25
8;1;1;-2.4;368.0
9;1;1;-1.8;428.0
10;1;1;-1.2;448.75
11;1;1;-0.3;450.0
12;1;1;1.1;461.5
13;1;1;2.5;439.25
14;1;1;1.8;418.25
15;1;1;1.6;388.75
16;1;1;0.4;356.5
17;1;1;-1.1;335.5
18;1;1;-2.1;320.75
19;1;1;-2.3;290.0
20;1;1;-2.8;255.75
21;1;1;-2.1;211.5
22;1;1;-1.9;192.5
23;1;1;-1.8;180.75
0;2;1;-2.1;178.0
1;2;1;-3.6;173.0
2;2;1;-4.6;170.5
3;2;1;-5.1;171.0
4;2;1;-5.6;170.5
5;2;1;-5.1;172.0
6;2;1;-3.0;228.0
7;2;1;-3.0;275.75
8;2;1;-2.2;354.25
9;2;1;-1.8;414.25
10;2;1;-1.2;449.0
11;2;1;-0.2;451.5
12;2;1;0.2;433.5
13;2;1;0.8;421.75
14;2;1;1.0;429.0
15;2;1;0.9;406.5
16;2;1;0.8;361.5
17;2;1;0.5;338.5
18;2;1;-0.3;322.5
19;2;1;-0.4;296.0
20;2;1;-0.7;246.5
21;2;1;-1.0;213.0
22;2;1;-0.4;201.25
23;2;1;-0.3;197.25
0;3;1;-0.4;191.25
1;3;1;-0.7;181.5
2;3;1;-0.8;180.25
3;3;1;-1.2;176.25
4;3;1;-1.2;174.75
5;3;1;-1.1;185.25
6;3;1;-1.1;227.0
7;3;1;-1.1;265.25
8;3;1;-0.3;343.0
9;3;1;1.7;411.0
10;3;1;3.7;444.5
11;3;1;5.8;455.75
12;3;1;7.5;437.5
13;3;1;7.5;439.5
14;3;1;7.0;446.25
15;3;1;6.7;428.25
16;3;1;6.4;383.0
17;3;1;3.2;350.0
18;3;1;2.0;323.0
19;3;1;1.5;279.25
20;3;1;1.4;247.75
21;3;1;1.4;210.25
22;3;1;0.7;190.0
23;3;1;0.7;186.75
0;4;1;1.0;179.5
1;4;1;1.2;174.75
2;4;1;1.5;170.75
3;4;1;1.1;169.75
4;4;1;0.8;169.5
5;4;1;1.0;180.5
6;4;1;1.6;234.0
7;4;1;1.7;278.75
8;4;1;2.5;354.5
9;4;1;2.6;416.25
10;4;1;2.8;424.75
11;4;1;2.9;440.5
12;4;1;2.9;453.0
13;4;1;2.5;456.75
14;4;1;2.1;433.5
15;4;1;1.9;415.0
16;4;1;1.8;346.5
17;4;1;1.1;315.75
18;4;1;0.9;307.25
19;4;1;0.9;268.0
20;4;1;0.9;241.25
21;4;1;0.7;220.25
22;4;1;0.2;193.5
23;4;1;0.0;186.25
0;5;1;0.0;185.75
1;5;1;-0.1;174.75
2;5;1;0.0;172.75
3;5;1;-0.1;175.0
4;5;1;-0.5;172.25
5;5;1;-0.9;186.5
6;5;1;-0.9;236.75
7;5;1;-1.0;283.5
8;5;1;-0.9;361.75
9;5;1;-1.4;457.5
10;5;1;-1.8;469.75
11;5;1;-1.3;483.75
12;5;1;-0.8;482.5
13;5;1;-0.4;470.75
14;5;1;0.0;457.75
15;5;1;0.1;445.25
16;5;1;-0.2;380.25
17;5;1;-0.6;343.75
18;5;1;-0.5;293.25
19;5;1;-0.3;242.5
20;5;1;-0.6;225.75
21;5;1;-0.1;212.5
22;5;1;-0.1;190.5
23;5;1;-0.1;188.25
0;6;1;-0.6;188.0
1;6;1;-1.0;183.5
2;6;1;-1.2;177.0
3;6;1;-2.0;177.5
4;6;1;-2.1;174.5
5;6;1;-2.5;171.25
6;6;1;-2.8;185.25
7;6;1;-3.1;188.75
8;6;1;-2.2;182.5
9;6;1;-1.7;184.25
10;6;1;-1.4;185.75
11;6;1;-1.2;188.75
12;6;1;-0.7;189.75
13;6;1;0.1;188.75
14;6;1;0.0;185.0
15;6;1;-0.1;192.75
16;6;1;-0.1;191.5
17;6;1;-0.2;197.0
18;6;1;-0.2;192.5
19;6;1;-0.4;190.0
20;6;1;-0.5;187.25
21;6;1;-0.7;185.0
22;6;1;-1.0;186.5
23;6;1;-1.1;181.75
0;7;1;-1.2;182.75
1;7;1;-1.2;177.75
2;7;1;-1.2;174.25
3;7;1;-1.4;170.75
4;7;1;-1.5;169.0
5;7;1;-1.8;167.75
6;7;1;-1.9;172.5
7;7;1;-2.0;171.0
8;7;1;-1.3;168.25
9;7;1;-1.1;169.75
10;7;1;-0.9;168.25
11;7;1;-0.2;170.75
12;7;1;-0.1;174.0
13;7;1;0.0;177.0
14;7;1;0.0;182.75
15;7;1;-0.1;190.75
16;7;1;-0.2;187.0
17;7;1;-0.3;188.75
18;7;1;-0.5;186.0
19;7;1;-0.8;182.5
20;7;1;-0.8;180.75
21;7;1;-0.9;179.25
22;7;1;-1.1;176.0
23;7;1;-1.2;170.5
0;1;1;-1.0;167.0
1;1;1;-1.0;167.75
2;1;1;-1.1;166.75
3;1;1;-1.0;165.0
4;1;1;-1.2;165.0
5;1;1;-1.4;171.5
6;1;1;-1.4;230.75
7;1;1;-1.4;277.5
8;1;1;-1.4;349.25
9;1;1;-1.4;398.75
10;1;1;-1.1;423.25
11;1;1;-0.8;426.5
12;1;1;-0.7;444.25
13;1;1;-0.5;457.25
14;1;1;-0.4;437.25
15;1;1;-0.5;414.5
16;1;1;-0.9;354.5
17;1;1;-1.2;313.25
18;1;1;-1.2;295.5
19;1;1;-1.4;257.5
20;1;1;-1.7;242.75
21;1;1;-1.9;236.0
22;1;1;-1.9;215.25
23;1;1;-2.0;205.25
0;2;2;-2.0;197.75
1;2;2;-2.2;189.25
2;2;2;-2.2;186.75
3;2;2;-2.2;188.0
4;2;2;-2.3;183.5
5;2;2;-2.3;190.0
6;2;2;-2.4;259.75
7;2;2;-2.6;289.5
8;2;2;-2.1;336.0
9;2;2;-1.9;398.25
10;2;2;-1.9;397.5
11;2;2;-1.7;415.25
12;2;2;-1.4;436.0
13;2;2;-1.3;429.75
14;2;2;-1.3;421.0
15;2;2;-1.6;393.25
16;2;2;-2.2;345.75
17;2;2;-3.0;306.5
18;2;2;-3.3;277.5
19;2;2;-3.9;249.25
20;2;2;-4.0;230.25
21;2;2;-3.9;219.0
22;2;2;-3.7;198.75
23;2;2;-3.6;185.25
0;3;2;-3.7;181.5
1;3;2;-3.7;181.0
2;3;2;-3.6;180.0
3;3;2;-3.5;181.0
4;3;2;-3.5;178.75
5;3;2;-3.3;184.0
6;3;2;-3.6;243.25
7;3;2;-3.6;286.25
8;3;2;-3.2;334.5
9;3;2;-3.2;374.25
10;3;2;-2.8;404.75
11;3;2;-2.5;419.75
12;3;2;-2.2;433.0
13;3;2;-2.1;417.25
14;3;2;-2.2;413.75
15;3;2;-2.1;397.25
16;3;2;-2.5;333.5
17;3;2;-3.1;308.5
18;3;2;-4.2;282.5
19;3;2;-5.0;246.25
20;3;2;-5.0;225.0
21;3;2;-3.7;207.0
22;3;2;-2.3;191.5
23;3;2;-2.1;186.75
0;4;2;-2.0;184.5
1;4;2;-2.0;183.0
2;4;2;-2.7;182.5
3;4;2;-2.7;186.25
4;4;2;-2.5;186.75
5;4;2;-2.3;191.0
6;4;2;-2.3;250.25
7;4;2;-2.3;281.5
8;4;2;-1.6;328.75
9;4;2;-1.0;388.5
10;4;2;-0.4;391.0
11;4;2;-0.2;401.75
12;4;2;0.5;415.0
13;4;2;1.5;408.5
14;4;2;1.6;376.25
15;4;2;1.4;356.75
16;4;2;0.1;316.25
17;4;2;-0.9;301.0
18;4;2;-2.0;273.0
19;4;2;-2.7;242.5
20;4;2;-3.5;230.0
21;4;2;-4.3;220.25
22;4;2;-4.5;199.5
23;4;2;-4.7;194.0
0;5;2;-5.3;186.75
1;5;2;-4.8;183.0
2;5;2;-4.4;179.0
3;5;2;-4.5;177.75
4;5;2;-4.1;177.5
5;5;2;-3.4;187.5
6;5;2;-4.4;237.75
7;5;2;-4.5;270.75
8;5;2;-3.3;320.5
9;5;2;0.5;343.0
10;5;2;2.4;351.75
11;5;2;4.2;384.5
12;5;2;5.1;360.0
13;5;2;6.9;362.0
14;5;2;7.4;350.75
15;5;2;7.2;333.5
16;5;2;6.4;286.25
17;5;2;4.7;277.5
18;5;2;0.6;254.5
19;5;2;-0.2;222.75
20;5;2;-0.7;204.75
21;5;2;-1.4;191.0
22;5;2;-1.7;174.5
23;5;2;-1.4;171.0
0;6;2;-2.1;175.0
1;6;2;-2.2;173.25
2;6;2;-1.7;172.5
3;6;2;-2.2;170.75
4;6;2;-2.4;168.25
5;6;2;-3.0;168.25
6;6;2;-3.0;178.0
7;6;2;-2.8;189.75
8;6;2;-0.7;182.25
9;6;2;2.0;185.25
10;6;2;5.0;184.5
11;6;2;6.4;184.75
12;6;2;9.6;185.0
13;6;2;12.8;185.75
14;6;2;15.1;187.5
15;6;2;14.8;181.0
16;6;2;12.7;181.25
17;6;2;5.3;181.25
18;6;2;3.4;186.75
19;6;2;1.4;185.25
20;6;2;1.1;179.75
21;6;2;0.2;179.0
22;6;2;-0.6;177.25
23;6;2;-1.1;174.75
0;7;2;-1.4;173.25
1;7;2;-2.1;174.75
2;7;2;-2.3;169.5
3;7;2;-2.2;170.25
4;7;2;-2.3;169.25
5;7;2;-2.9;170.25
6;7;2;-2.9;177.5
7;7;2;-2.8;170.75
8;7;2;1.1;171.5
9;7;2;4.8;172.5
10;7;2;7.2;172.75
11;7;2;10.2;174.75
12;7;2;11.5;176.0
13;7;2;12.4;178.25
14;7;2;13.5;179.0
15;7;2;13.3;180.25
16;7;2;11.3;175.25
17;7;2;5.5;185.25
18;7;2;3.5;191.0
19;7;2;2.5;188.25
20;7;2;2.2;184.25
21;7;2;1.8;178.0
22;7;2;1.3;170.5
23;7;2;0.6;168.75
0;1;2;0.0;166.0
1;1;2;-0.7;168.25
2;1;2;-1.4;167.5
3;1;2;-1.6;166.75
4;1;2;-2.0;167.75
5;1;2;-2.4;177.0
6;1;2;-2.5;215.25
7;1;2;-2.2;268.25
8;1;2;1.2;303.25
9;1;2;4.0;377.75
10;1;2;6.8;366.75
11;1;2;9.6;366.5
12;1;2;13.5;384.75
13;1;2;15.6;381.25
14;1;2;17.0;372.0
15;1;2;16.5;365.0
16;1;2;13.9;300.75
17;1;2;7.2;293.75
18;1;2;4.6;265.25
19;1;2;3.6;238.0
20;1;2;3.5;222.75
21;1;2;2.5;213.75
22;1;2;1.5;196.25
23;1;2;0.6;185.5
0;2;2;0.4;181.0
1;2;2;-0.8;178.0
2;2;2;-1.6;177.25
3;2;2;-1.9;179.0
4;2;2;-2.4;178.5
5;2;2;-2.7;186.5
6;2;2;-2.8;234.0
7;2;2;-2.6;292.25
8;2;2;1.5;317.75
9;2;2;3.9;344.75
10;2;2;7.8;363.75
11;2;2;10.4;361.0
12;2;2;12.2;362.0
13;2;2;14.6;375.25
14;2;2;14.7;353.5
15;2;2;14.8;345.75
16;2;2;13.3;294.25
17;2;2;10.4;276.5
18;2;2;8.2;265.0
19;2;2;6.4;233.0
20;2;2;6.3;218.75
21;2;2;8.4;211.25
22;2;2;7.7;191.5
23;2;2;6.7;185.0
0;3;2;4.5;181.5
1;3;2;2.4;179.0
2;3;2;2.7;176.5
3;3;2;2.4;176.0
4;3;2;1.6;176.25
5;3;2;1.6;182.5
6;3;2;1.4;230.75
7;3;2;2.2;274.5
8;3;2;5.7;319.5
9;3;2;7.5;376.25
10;3;2;8.7;378.75
11;3;2;10.6;398.25
12;3;2;10.9;414.75
13;3;2;11.4;398.0
14;3;2;11.8;403.75
15;3;2;11.6;372.0
16;3;2;10.5;306.75
17;3;2;7.4;280.5
18;3;2;4.6;269.5
19;3;2;3.3;243.75
20;3;2;2.8;223.25
21;3;2;1.9;209.5
22;3;2;1.8;192.25
23;3;2;1.2;184.0
0;4;2;0.7;183.75
1;4;2;0.0;179.5
2;4;2;-0.3;179.25
3;4;2;-0.5;179.0
4;4;2;-1.2;178.0
5;4;2;-1.3;186.75
6;4;2;-1.4;228.5
7;4;2;-1.4;273.0
8;4;2;2.3;310.0
9;4;2;4.6;382.0
10;4;2;6.6;390.25
11;4;2;8.6;392.0
12;4;2;9.7;385.25
13;4;2;10.2;374.0
14;4;2;10.1;338.75
15;4;2;10.4;326.75
16;4;2;8.8;294.75
17;4;2;5.9;280.5
18;4;2;3.7;265.5
19;4;2;3.0;244.5
20;4;2;2.3;230.5
21;4;2;2.0;221.75
22;4;2;1.5;203.0
23;4;2;0.4;194.5
0;5;2;0.0;195.75
1;5;2;-1.0;186.75
2;5;2;-1.4;186.5
3;5;2;-1.9;186.0
4;5;2;-2.1;184.5
5;5;2;-2.5;182.75
6;5;2;-2.9;223.0
7;5;2;-2.1;261.25
8;5;2;-0.2;324.75
9;5;2;4.8;346.0
10;5;2;10.1;358.0
11;5;2;11.8;380.0
12;5;2;13.0;381.5
13;5;2;14.9;370.5
14;5;2;16.0;364.75
15;5;2;14.4;331.0
16;5;2;12.9;287.5
17;5;2;11.1;278.75
18;5;2;10.0;256.75
19;5;2;9.0;228.0
20;5;2;8.0;202.0
21;5;2;8.1;196.0
22;5;2;9.0;189.5
23;5;2;9.0;184.5
0;6;2;8.8;181.0
1;6;2;8.2;179.0
2;6;2;8.1;177.5
3;6;2;8.9;175.75
4;6;2;8.0;174.5
5;6;2;8.9;174.75
6;6;2;8.9;179.25
7;6;2;9.6;170.75
8;6;2;11.0;173.25
9;6;2;11.3;174.5
10;6;2;8.7;180.5
11;6;2;7.6;189.25
12;6;2;7.3;194.75
13;6;2;6.2;198.25
14;6;2;5.1;199.0
15;6;2;4.5;200.0
16;6;2;4.5;198.75
17;6;2;4.6;204.0
18;6;2;3.9;202.0
19;6;2;3.7;199.0
20;6;2;3.6;191.25
21;6;2;3.6;185.75
22;6;2;3.4;186.25
23;6;2;3.0;185.25
0;7;2;2.6;187.75
1;7;2;2.7;188.0
2;7;2;2.7;187.5
3;7;2;2.1;188.75
4;7;2;1.9;186.0
5;7;2;1.9;185.75
6;7;2;2.1;185.0
7;7;2;2.4;176.25
8;7;2;3.0;175.25
9;7;2;3.4;176.5
10;7;2;3.7;176.25
11;7;2;3.8;180.25
12;7;2;3.9;182.75
13;7;2;4.0;183.5
14;7;2;4.0;184.0
15;7;2;3.8;182.25
16;7;2;2.7;184.25
17;7;2;1.8;191.0
18;7;2;1.8;196.0
19;7;2;1.9;188.75
20;7;2;1.8;185.25
21;7;2;1.6;183.5
22;7;2;1.0;185.25
23;7;2;1.2;185.0
0;1;2;1.2;185.5
1;1;2;1.2;181.5
2;1;2;1.1;178.75
3;1;2;1.1;179.75
4;1;2;1.2;180.75
5;1;2;1.2;188.0
6;1;2;1.2;247.25
7;1;2;1.4;286.5
8;1;2;1.7;381.5
9;1;2;2.0;429.5
10;1;2;2.1;458.0
11;1;2;2.0;478.75
12;1;2;2.0;491.25
13;1;2;2.1;477.5
14;1;2;2.1;481.5
15;1;2;2.1;476.0
16;1;2;1.9;424.5
17;1;2;1.2;372.25
18;1;2;1.0;325.0
19;1;2;1.0;276.5
20;1;2;0.8;248.5
21;1;2;0.9;228.5
22;1;2;0.9;214.5
23;1;2;0.9;205.75
0;2;2;0.8;198.0
1;2;2;0.6;192.0
2;2;2;0.1;187.25
3;2;2;0.1;187.0
4;2;2;0.1;186.75
5;2;2;0.1;189.0
6;2;2;0.2;260.5
7;2;2;0.6;285.25
8;2;2;0.6;372.75
9;2;2;0.8;443.75
10;2;2;0.7;485.75
11;2;2;0.7;500.75
12;2;2;0.6;523.5
13;2;2;0.7;504.0
14;2;2;0.6;503.0
15;2;2;0.6;489.75
16;2;2;0.5;427.5
17;2;2;0.3;373.0
18;2;2;0.3;339.5
19;2;2;0.4;281.5
20;2;2;0.4;248.0
21;2;2;0.4;229.5
22;2;2;0.4;215.5
23;2;2;0.4;209.75
0;3;2;0.3;202.25
1;3;2;0.4;199.75
2;3;2;0.5;194.0
3;3;2;0.2;193.75
4;3;2;0.0;193.75
5;3;2;0.2;197.0
6;3;2;0.4;254.5
7;3;2;0.7;303.0
8;3;2;1.7;375.25
9;3;2;2.3;444.0
10;3;2;2.0;453.5
11;3;2;2.5;480.25
12;3;2;2.9;465.25
13;3;2;3.0;455.75
14;3;2;3.1;477.25
15;3;2;3.2;452.75
16;3;2;3.3;406.5
17;3;2;3.6;375.25
18;3;2;4.2;333.0
19;3;2;4.5;282.5
20;3;2;4.7;238.25
21;3;2;4.6;221.5
22;3;2;4.2;202.25
23;3;2;4.6;194.5
0;4;2;4.8;192.75
1;4;2;4.3;191.25
2;4;2;4.0;189.0
3;4;2;3.7;190.25
4;4;2;3.4;189.25
5;4;2;2.9;191.75
6;4;2;2.7;255.0
7;4;2;2.0;306.5
8;4;2;2.2;375.5
9;4;2;2.2;427.5
10;4;2;2.1;468.0
11;4;2;2.4;483.25
12;4;2;3.0;484.5
13;4;2;3.5;479.0
14;4;2;3.8;479.25
15;4;2;4.2;462.75
16;4;2;4.0;419.25
17;4;2;3.8;372.0
18;4;2;3.8;364.5
19;4;2;3.8;317.25
20;4;2;3.9;252.5
21;4;2;4.1;224.5
22;4;2;4.0;203.75
23;4;2;4.0;193.75
0;5;2;4.0;190.0
1;5;2;3.8;184.0
2;5;2;3.5;183.5
3;5;2;3.4;182.5
4;5;2;3.2;182.75
5;5;2;3.0;186.25
6;5;2;2.9;247.25
7;5;2;2.9;293.0
8;5;2;3.1;354.5
9;5;2;3.1;436.25
10;5;2;3.1;461.5
11;5;2;3.8;491.0
12;5;2;4.2;491.5
13;5;2;4.6;478.75
14;5;2;4.6;468.0
15;5;2;4.3;443.75
16;5;2;4.1;392.5
17;5;2;3.5;337.75
18;5;2;3.5;303.5
19;5;2;3.6;271.25
20;5;2;3.6;251.0
21;5;2;3.6;225.25
22;5;2;3.5;187.5
23;5;2;4.0;182.25
0;6;2;3.8;186.0
1;6;2;4.1;186.75
2;6;2;3.9;185.25
3;6;2;3.5;177.25
4;6;2;2.7;174.5
5;6;2;0.9;176.0
6;6;2;0.2;184.5
7;6;2;0.8;164.25
8;6;2;2.7;155.0
9;6;2;4.8;158.25
10;6;2;5.2;164.75
11;6;2;5.8;165.25
12;6;2;6.8;164.75
13;6;2;7.3;157.5
14;6;2;7.4;160.25
15;6;2;7.9;158.5
16;6;2;6.9;149.5
17;6;2;5.9;161.75
18;6;2;5.9;168.25
19;6;2;5.4;171.5
20;6;2;5.0;166.25
21;6;2;4.9;154.5
22;6;2;4.7;151.5
23;6;2;3.9;151.25
0;7;2;3.8;152.5
1;7;2;1.9;151.75
2;7;2;1.1;151.75
3;7;2;0.6;151.75
4;7;2;-0.4;148.25
5;7;2;-0.6;146.25
6;7;2;-0.4;146.0
7;7;2;0.6;142.75
8;7;2;2.5;142.5
9;7;2;3.2;141.25
10;7;2;4.8;158.25
11;7;2;5.7;179.5
12;7;2;6.0;186.5
13;7;2;7.0;188.25
14;7;2;6.5;185.5
15;7;2;6.2;185.75
16;7;2;5.8;185.25
17;7;2;4.8;194.25
18;7;2;3.8;202.75
19;7;2;3.3;209.5
20;7;2;3.1;202.75
21;7;2;2.7;198.25
22;7;2;2.3;193.25
23;7;2;2.0;188.75
0;1;2;1.8;189.5
1;1;2;0.7;185.5
2;1;2;0.7;184.25
3;1;2;0.3;184.25
4;1;2;0.1;180.0
5;1;2;-1.1;188.25
6;1;2;-1.5;239.0
7;1;2;-1.7;280.0
8;1;2;-1.3;372.25
9;1;2;-1.1;443.25
10;1;2;-0.5;465.5
11;1;2;-0.2;462.75
12;1;2;-0.1;490.5
13;1;2;-0.2;475.0
14;1;2;-0.1;477.25
15;1;2;-0.9;443.0
16;1;2;-0.9;396.0
17;1;2;-1.1;359.75
18;1;2;-1.1;334.5
19;1;2;-1.4;303.5
20;1;2;-1.5;258.75
21;1;2;-1.8;228.25
22;1;2;-1.9;212.0
23;1;2;-2.2;204.5
0;2;2;-2.2;198.5
1;2;2;-2.2;191.25
2;2;2;-2.8;190.75
3;2;2;-3.1;187.25
4;2;2;-2.6;187.5
5;2;2;-2.6;190.5
6;2;2;-2.6;247.5
7;2;2;-2.8;286.75
8;2;2;-2.3;362.0
9;2;2;-2.0;423.75
10;2;2;-1.4;431.25
11;2;2;-1.5;447.5
12;2;2;-1.4;464.25
13;2;2;-0.8;458.0
14;2;2;-0.7;458.25
15;2;2;-0.4;435.75
16;2;2;-0.4;410.5
17;2;2;-0.6;374.75
18;2;2;-0.8;330.25
19;2;2;-1.1;275.5
20;2;2;-1.2;230.0
21;2;2;-1.2;212.5
22;2;2;-1.6;198.75
23;2;2;-1.8;188.25
0;3;2;-1.9;186.25
1;3;2;-2.3;180.5
2;3;2;-2.4;181.25
3;3;2;-2.6;181.25
4;3;2;-3.4;181.5
5;3;2;-3.9;187.75
6;3;2;-5.4;236.25
7;3;2;-5.4;278.5
8;3;2;-5.0;352.75
9;3;2;-4.0;391.75
10;3;2;-3.3;402.75
11;3;2;-2.2;404.25
12;3;2;-1.3;414.0
13;3;2;-1.3;411.75
14;3;2;-0.6;395.25
15;3;2;-0.5;402.75
16;3;2;-0.8;358.0
17;3;2;-1.4;336.0
18;3;2;-1.6;323.0
19;3;2;-2.4;257.75
20;3;2;-3.4;226.0
21;3;2;-3.9;206.75
22;3;2;-4.4;195.5
23;3;2;-6.0;187.5
0;4;2;-6.4;182.25
1;4;2;-7.0;176.0
2;4;2;-7.2;174.0
3;4;2;-7.2;174.75
4;4;2;-6.6;175.75
5;4;2;-6.9;183.25
6;4;2;-7.0;222.75
7;4;2;-5.4;268.5
8;4;2;-4.4;347.5
9;4;2;-3.1;403.25
10;4;2;-1.6;404.5
11;4;2;-0.1;402.5
12;4;2;0.0;425.0
13;4;2;1.2;418.25
14;4;2;1.4;415.75
15;4;2;1.4;382.0
16;4;2;0.9;356.25
17;4;2;-0.2;338.25
18;4;2;-1.6;342.75
19;4;2;-2.9;295.0
20;4;2;-4.1;248.75
21;4;2;-4.8;221.75
22;4;2;-5.7;201.75
23;4;2;-6.3;194.0
0;5;2;-6.6;189.0
1;5;2;-6.8;184.0
2;5;2;-7.2;179.5
3;5;2;-7.4;180.5
4;5;2;-7.6;180.75
5;5;2;-7.9;186.0
6;5;2;-8.2;243.25
7;5;2;-6.7;264.75
8;5;2;-2.4;353.75
9;5;2;-1.1;394.25
10;5;2;0.5;411.75
11;5;2;1.2;445.5
12;5;2;1.8;441.75
13;5;2;1.8;429.25
14;5;2;2.4;392.0
15;5;2;1.8;352.0
16;5;2;0.8;332.5
17;5;2;-0.3;310.5
18;5;2;-0.9;285.5
19;5;2;-0.5;248.0
20;5;2;-0.3;223.0
21;5;2;-0.3;216.0
22;5;2;-0.4;202.5
23;5;2;-1.1;192.0
0;6;2;-1.4;192.25
1;6;2;-1.6;190.25
2;6;2;-1.3;184.25
3;6;2;-1.4;181.25
4;6;2;-1.4;176.75
5;6;2;-1.4;177.0
6;6;2;-1.4;180.75
7;6;2;-1.4;173.25
8;6;2;-1.3;180.75
9;6;2;-0.5;201.25
10;6;2;-0.4;207.5
11;6;2;-0.2;205.0
12;6;2;0.5;196.75
13;6;2;1.6;192.25
14;6;2;1.5;190.5
15;6;2;1.5;190.25
16;6;2;1.1;188.25
17;6;2;-0.2;189.25
18;6;2;-1.3;199.25
19;6;2;-2.6;194.25
20;6;2;-3.1;192.0
21;6;2;-3.9;187.75
22;6;2;-3.7;180.5
23;6;2;-3.1;180.5
0;7;2;-2.6;182.25
1;7;2;-2.2;184.5
2;7;2;-2.2;185.25
3;7;2;-2.0;182.0
4;7;2;-2.0;176.5
5;7;2;-2.1;175.25
6;7;2;-2.1;175.75
7;7;2;-2.0;170.5
8;7;2;-1.8;170.75
9;7;2;-1.7;170.75
10;7;2;-1.0;175.75
11;7;2;-0.8;183.75
12;7;2;-0.8;189.25
13;7;2;-0.7;193.75
14;7;2;-0.3;192.5
15;7;2;-0.5;195.75
16;7;2;-0.7;199.0
17;7;2;-0.8;206.25
18;7;2;-0.8;218.75
19;7;2;-1.1;213.25
20;7;2;-1.2;203.5
21;7;2;-1.2;197.0
22;7;2;-1.2;189.0
23;7;2;-1.2;190.5
0;1;2;-1.2;184.75
1;1;2;-1.0;182.25
2;1;2;-1.3;181.5
3;1;2;-1.3;179.75
4;1;2;-1.3;178.75
5;1;2;-1.5;183.75
6;1;2;-1.4;243.0
7;1;2;-1.3;282.5
8;1;2;-1.3;384.5
9;1;2;-1.2;448.25
10;1;2;-1.1;484.5
11;1;2;-0.2;497.5
12;1;2;0.0;495.0
13;1;2;0.1;493.5
14;1;2;0.1;488.5
15;1;2;0.1;468.75
16;1;2;0.1;407.5
17;1;2;0.0;357.5
18;1;2;0.0;324.75
19;1;2;0.0;283.5
20;1;2;0.2;253.5
21;1;2;0.2;235.0
22;1;2;0.2;218.5
23;1;2;0.1;202.5
0;2;3;0.1;195.5
1;2;3;0.1;188.5
2;2;3;0.1;188.25
3;2;3;0.1;188.5
4;2;3;-0.2;188.5
5;2;3;-0.2;195.0
6;2;3;-0.2;247.25
7;2;3;-0.1;298.5
8;2;3;0.2;372.0
9;2;3;0.2;446.5
10;2;3;0.2;497.75
11;2;3;1.0;497.0
12;2;3;1.1;496.0
13;2;3;1.5;493.5
14;2;3;2.3;482.75
15;2;3;2.0;449.5
16;2;3;1.5;417.0
17;2;3;1.2;379.25
18;2;3;1.1;329.0
19;2;3;0.9;282.75
20;2;3;0.8;257.25
21;2;3;0.0;235.75
22;2;3;0.3;210.75
23;2;3;1.0;205.75
0;3;3;1.0;200.0
1;3;3;1.0;193.25
2;3;3;1.1;189.25
3;3;3;1.0;187.25
4;3;3;0.4;187.0
5;3;3;0.2;188.5
6;3;3;0.2;240.75
7;3;3;0.1;307.75
8;3;3;0.1;385.0
9;3;3;-0.1;447.25
10;3;3;0.4;477.0
11;3;3;0.3;482.5
12;3;3;0.8;472.0
13;3;3;0.6;471.0
14;3;3;0.5;448.25
15;3;3;-0.2;439.5
16;3;3;-0.9;418.25
17;3;3;-1.0;373.25
18;3;3;-1.1;318.5
19;3;3;-1.4;270.25
20;3;3;-1.7;239.5
21;3;3;-1.7;224.5
22;3;3;-1.8;199.75
23;3;3;-1.8;191.75
0;4;3;-1.8;188.5
1;4;3;-1.8;182.25
2;4;3;-1.9;180.75
3;4;3;-1.9;181.5
4;4;3;-1.8;181.5
5;4;3;-1.8;185.0
6;4;3;-1.9;237.5
7;4;3;-1.8;281.0
8;4;3;-1.3;373.75
9;4;3;-1.1;448.0
10;4;3;-1.0;476.75
11;4;3;-1.0;497.0
12;4;3;-0.6;488.5
13;4;3;-0.1;485.0
14;4;3;0.0;465.75
15;4;3;0.1;447.25
16;4;3;0.1;413.5
17;4;3;0.1;363.25
18;4;3;0.2;324.0
19;4;3;0.4;277.0
20;4;3;0.3;237.25
21;4;3;0.5;213.5
22;4;3;0.2;200.25
23;4;3;0.4;191.25
0;5;3;0.1;187.5
1;5;3;0.1;184.0
2;5;3;-0.1;176.75
3;5;3;-0.1;177.25
4;5;3;0.0;175.0
5;5;3;0.0;178.5
6;5;3;0.0;240.0
7;5;3;0.1;266.5
8;5;3;0.8;352.5
9;5;3;1.8;417.75
10;5;3;2.3;462.0
11;5;3;2.6;474.0
12;5;3;2.9;467.0
13;5;3;3.6;467.5
14;5;3;3.7;440.5
15;5;3;3.8;413.5
16;5;3;2.8;364.0
17;5;3;1.8;325.0
18;5;3;0.9;298.5
19;5;3;-1.1;247.0
20;5;3;-1.6;222.5
21;5;3;-2.1;213.5
22;5;3;-1.2;190.5
23;5;3;-1.9;180.25
0;6;3;-0.4;179.0
1;6;3;-0.2;182.5
2;6;3;-0.2;179.0
3;6;3;-0.2;176.25
4;6;3;0.0;174.5
5;6;3;0.0;178.2
6;6;3;0.0;182.467153285
7;6;3;0.3;180.390510949
8;6;3;0.3;183.864468864
9;6;3;0.9;187.583941606
10;6;3;1.5;196.339552239
11;6;3;2.2;199.452554745
12;6;3;2.8;206.798534799
13;6;3;2.5;209.335766423
14;6;3;2.8;207.288321168
15;6;3;2.8;199.671532847
16;6;3;2.7;195.578754579
17;6;3;2.1;196.834558824
18;6;3;2.0;201.428571429
19;6;3;1.8;203.642335766
20;6;3;1.1;195.178832117
21;6;3;-0.8;190.390510949
22;6;3;-1.5;182.675373134
23;6;3;-1.9;180.649635036
0;7;3;-2.3;181.076642336
1;7;3;-2.7;178.073260073
2;7;3;-2.8;179.452554745
3;7;3;-3.5;176.47810219
4;7;3;-3.5;173.912408759
5;7;3;-3.5;175.287313433
6;7;3;-2.4;171.959854015
7;7;3;-1.5;170.087912088
8;7;3;0.4;171.306569343
9;7;3;2.3;172.396363636
10;7;3;3.3;173.919708029
11;7;3;3.6;174.996336996
12;7;3;4.1;174.531135531
13;7;3;4.6;183.959854015
14;7;3;5.1;183.248175182
15;7;3;5.9;65.8138686131
16;7;3;5.9;-0.00735294117647
17;7;3;5.0;155.903345725
18;7;3;3.8;186.175182482
19;7;3;4.6;182.795620438
20;7;3;3.7;179.244525547
21;7;3;3.6;177.322344322
22;7;3;1.8;179.182481752
23;7;3;1.0;176.0
0;1;3;2.5;172.344322344
1;1;3;1.9;172.286764706
2;1;3;1.1;171.682481752
3;1;3;0.9;172.315018315
4;1;3;0.3;174.054744526
5;1;3;0.2;195.084249084
6;1;3;0.1;226.282051282
7;1;3;1.0;252.45620438
8;1;3;2.2;350.131086142
9;1;3;3.1;400.791970803
10;1;3;4.0;436.091240876
11;1;3;4.1;438.692307692
12;1;3;4.6;456.689781022
13;1;3;4.4;450.186131387
14;1;3;4.3;443.725274725
15;1;3;3.4;403.912408759
16;1;3;3.2;365.569343066
17;1;3;2.5;341.208029197
18;1;3;1.3;333.666666667
19;1;3;-1.0;300.379562044
20;1;3;-2.6;247.996254682
21;1;3;-3.5;210.937956204
22;1;3;-4.2;204.234432234
23;1;3;-4.2;197.799270073
0;2;3;-4.5;191.03649635
1;2;3;-4.6;187.018050542
2;2;3;-4.5;183.963898917
3;2;3;-4.7;183.329710145
4;2;3;-5.5;184.25631769
5;2;3;-5.4;195.707581227
6;2;3;-5.0;246.064981949
7;2;3;-2.3;283.614814815
8;2;3;0.8;360.629482072
9;2;3;2.4;422.022813688
10;2;3;2.9;415.945848375
11;2;3;4.2;434.482889734
12;2;3;4.8;440.390625
13;2;3;5.3;438.233463035
14;2;3;5.7;429.922178988
15;2;3;6.2;390.8
16;2;3;5.1;355.933333333
17;2;3;3.5;331.832684825
18;2;3;1.1;315.847058824
19;2;3;-1.4;266.708
20;2;3;-1.9;244.821011673
21;2;3;-2.5;222.28125
22;2;3;-2.9;201.207843137
23;2;3;-3.4;196.46184739
0;3;3;-3.3;197.019455253
1;3;3;-4.4;188.80859375
2;3;3;-4.8;186.876494024
3;3;3;-5.1;186.86770428
4;3;3;-5.2;187.13229572
5;3;3;-5.8;205.49609375
6;3;3;-5.7;243.1875
7;3;3;-2.3;277.30078125
8;3;3;0.9;361.856031128
9;3;3;2.6;405.642023346
10;3;3;4.1;430.31640625
11;3;3;5.8;447.081712062
12;3;3;6.8;457.90625
13;3;3;7.9;461.0703125
14;3;3;8.6;447.02734375
15;3;3;9.2;431.05859375
16;3;3;8.7;360.151750973
17;3;3;6.8;338.345098039
18;3;3;2.7;336.25
19;3;3;1.3;276.04296875
20;3;3;0.0;241.910505837
21;3;3;-0.3;221.132
22;3;3;-0.6;207.21875
23;3;3;-1.3;203.054474708
0;4;3;-1.3;197.765625
1;4;3;-2.0;195.73151751
2;4;3;-2.8;195.62890625
3;4;3;-2.7;194.1875
4;4;3;-3.2;192.941634241
5;4;3;-3.3;200.98046875
6;4;3;-3.2;241.921875
7;4;3;-1.2;285.902723735
8;4;3;2.8;353.6796875
9;4;3;5.0;396.747081712
10;4;3;7.2;424.296875
11;4;3;9.7;442.848249027
12;4;3;12.7;436.726190476
13;4;3;14.4;430.792156863
14;4;3;15.7;408.175097276
15;4;3;16.1;391.6015625
16;4;3;15.9;356.26
17;4;3;11.5;337.01953125
18;4;3;8.3;336.76171875
19;4;3;5.4;302.57421875
20;4;3;4.0;238.105058366
21;4;3;2.7;215.819607843
22;4;3;4.6;204.13671875
23;4;3;7.7;197.62109375
0;5;3;6.2;195.435797665
1;5;3;2.4;188.031128405
2;5;3;0.3;186.175097276
3;5;3;-0.5;184.6875
4;5;3;-1.1;184.266932271
5;5;3;-0.2;201.3125
6;5;3;-0.4;234.234375
7;5;3;2.8;275.3125
8;5;3;8.8;340.15234375
9;5;3;11.8;400.65234375
10;5;3;13.3;437.221789883
11;5;3;13.9;454.233463035
12;5;3;15.4;440.274509804
13;5;3;16.9;427.774319066
14;5;3;17.8;417.098039216
15;5;3;17.9;395.326848249
16;5;3;16.8;355.0078125
17;5;3;15.0;321.241245136
18;5;3;13.5;307.01953125
19;5;3;11.8;275.25
20;5;3;11.4;233.717647059
21;5;3;9.6;209.0546875
22;5;3;8.4;201.163424125
23;5;3;7.4;194.34765625
0;6;3;7.2;193.276264591
1;6;3;6.1;191.984375
2;6;3;6.0;190.417670683
3;6;3;4.9;183.49609375
4;6;3;3.8;183.21875
5;6;3;3.6;184.019685039
6;6;3;0.4;189.330708661
7;6;3;5.1;183.99609375
8;6;3;8.0;185.431906615
9;6;3;10.4;186.75
10;6;3;12.7;187.536964981
11;6;3;14.8;190.359375
12;6;3;16.1;198.832684825
13;6;3;17.3;198.45703125
14;6;3;18.0;197.7
15;6;3;17.6;197.682352941
16;6;3;16.5;197.25390625
17;6;3;15.0;200.97254902
18;6;3;14.1;211.643137255
19;6;3;13.7;208.1640625
20;6;3;12.3;208.4765625
21;6;3;11.5;206.5703125
22;6;3;10.7;198.575875486
23;6;3;9.4;191.875
0;7;3;7.3;189.84375
1;7;3;7.0;189.128404669
2;7;3;9.3;188.763052209
3;7;3;7.1;187.490272374
4;7;3;5.2;185.122047244
5;7;3;5.0;184.0078125
6;7;3;8.3;181.723735409
7;7;3;9.3;180.7421875
8;7;3;11.3;182.19921875
9;7;3;13.0;182.661478599
10;7;3;14.0;184.14453125
11;7;3;14.9;187.684824903
12;7;3;15.8;188.47265625
13;7;3;16.1;192.220472441
14;7;3;15.0;191.498007968
15;7;3;15.2;195.19140625
16;7;3;14.7;202.57421875
17;7;3;14.6;210.207843137
18;7;3;13.4;215.575875486
19;7;3;12.8;209.822834646
20;7;3;11.4;208.715953307
21;7;3;12.6;200.482490272
22;7;3;12.1;190.45703125
23;7;3;11.6;188.40234375
0;1;3;11.4;188.32421875
1;1;3;11.0;185.7265625
2;1;3;10.8;184.688715953
3;1;3;11.0;185.106299213
4;1;3;11.2;185.178988327
5;1;3;11.2;191.399209486
6;1;3;12.6;248.57480315
7;1;3;14.2;294.76953125
8;1;3;14.7;392.840466926
9;1;3;17.0;400.515625
10;1;3;17.9;431.72265625
11;1;3;17.8;472.265625
12;1;3;19.2;458.3984375
13;1;3;18.2;455.521568627
14;1;3;17.6;443.785992218
15;1;3;17.4;418.9453125
16;1;3;17.3;374.59375
17;1;3;17.0;339.471698113
18;1;3;16.2;329.25
19;1;3;15.0;287.25
20;1;3;12.7;241.5
21;1;3;11.4;220.25
22;1;3;11.9;207.25
23;1;3;11.4;202.0
0;2;3;10.1;199.25
1;2;3;9.8;190.75
2;2;3;10.2;188.0
3;2;3;8.8;187.0
4;2;3;8.5;186.0
5;2;3;7.8;186.5
6;2;3;8.0;237.25
7;2;3;9.9;284.0
8;2;3;14.0;326.5
9;2;3;16.3;391.75
10;2;3;17.0;423.75
11;2;3;18.4;431.0
12;2;3;18.5;432.25
13;2;3;19.0;422.25
14;2;3;19.0;424.5
15;2;3;18.7;432.25
16;2;3;18.3;420.75
17;2;3;17.9;374.0
18;2;3;16.8;348.75
19;2;3;15.8;301.0
20;2;3;14.9;241.0
21;2;3;14.5;213.75
22;2;3;12.0;203.25
23;2;3;10.1;195.5
0;3;3;8.7;193.75
1;3;3;8.6;190.25
2;3;3;7.7;186.25
3;3;3;7.7;185.0
4;3;3;8.6;184.75
5;3;3;8.8;186.75
6;3;3;9.5;242.0
7;3;3;9.7;283.75
8;3;3;10.8;354.25
9;3;3;10.8;449.25
10;3;3;11.0;479.25
11;3;3;10.9;503.25
12;3;3;11.0;493.75
13;3;3;10.4;464.5
14;3;3;10.2;474.0
15;3;3;10.5;477.75
16;3;3;10.9;433.75
17;3;3;11.0;372.25
18;3;3;11.0;341.5
19;3;3;11.1;291.75
20;3;3;10.9;243.5
21;3;3;10.2;227.25
22;3;3;10.3;206.25
23;3;3;10.2;201.25
0;4;3;11.1;199.0
1;4;3;11.0;192.0
2;4;3;11.1;187.0
3;4;3;11.1;184.75
4;4;3;11.1;183.5
5;4;3;10.5;188.75
6;4;3;10.5;241.0
7;4;3;10.5;295.25
8;4;3;11.4;350.5
9;4;3;11.5;427.0
10;4;3;12.7;457.25
11;4;3;15.7;465.75
12;4;3;16.7;455.0
13;4;3;16.2;457.5
14;4;3;15.4;458.0
15;4;3;16.2;429.5
16;4;3;15.0;390.0
17;4;3;14.7;339.25
18;4;3;13.9;334.75
19;4;3;13.5;301.75
20;4;3;12.7;272.0
21;4;3;11.6;244.5
22;4;3;8.5;215.75
23;4;3;7.5;202.75
0;5;3;5.9;197.5
1;5;3;5.0;191.5
2;5;3;5.1;188.0
3;5;3;5.0;187.75
4;5;3;5.3;186.5
5;5;3;6.0;189.75
6;5;3;6.8;245.25
7;5;3;8.1;292.75
8;5;3;10.9;358.25
9;5;3;11.9;425.5
10;5;3;13.0;464.0
11;5;3;13.6;487.25
12;5;3;12.1;476.5
13;5;3;11.3;466.0
14;5;3;12.5;459.25
15;5;3;12.5;436.25
16;5;3;11.7;418.0
17;5;3;9.8;364.0
18;5;3;8.8;320.0
19;5;3;8.1;276.25
20;5;3;7.7;250.0
21;5;3;7.6;222.5
22;5;3;7.2;198.5
23;5;3;6.8;191.25
0;6;3;6.5;190.0
1;6;3;6.5;192.25
2;6;3;5.9;186.5
3;6;3;5.8;184.0
4;6;3;5.8;184.5
5;6;3;5.8;183.75
6;6;3;5.8;194.25
7;6;3;5.8;187.75
8;6;3;5.9;180.25
9;6;3;6.1;176.5
10;6;3;7.0;172.25
11;6;3;9.0;175.5
12;6;3;9.1;178.0
13;6;3;8.9;198.25
14;6;3;7.9;212.0
15;6;3;7.1;217.25
16;6;3;7.0;205.0
17;6;3;6.6;196.5
18;6;3;6.1;201.0
19;6;3;5.9;208.5
20;6;3;7.1;202.25
21;6;3;7.0;197.5
22;6;3;6.8;196.25
23;6;3;6.1;185.5
0;7;3;6.3;188.0
1;7;3;6.0;188.5
2;7;3;5.7;186.25
3;7;3;4.9;185.5
4;7;3;4.7;181.25
5;7;3;4.3;182.25
6;7;3;4.3;180.5
7;7;3;4.7;177.5
8;7;3;5.4;177.75
9;7;3;6.1;185.25
10;7;3;6.8;187.25
11;7;3;9.1;189.5
12;7;3;9.8;189.5
13;7;3;9.5;187.25
14;7;3;10.4;186.0
15;7;3;10.2;188.5
16;7;3;9.2;190.0
17;7;3;8.1;189.0
18;7;3;7.9;198.5
19;7;3;7.0;206.0
20;7;3;6.8;202.25
21;7;3;6.3;195.5
22;7;3;5.8;189.5
23;7;3;5.8;185.75
0;1;3;5.3;181.0
1;1;3;5.0;182.0
2;1;3;4.9;181.5
3;1;3;4.4;180.0
4;1;3;4.3;181.75
5;1;3;4.0;190.0
6;1;3;3.8;231.25
7;1;3;3.8;282.75
8;1;3;4.8;352.5
9;1;3;5.6;416.75
10;1;3;5.8;439.5
11;1;3;6.3;433.25
12;1;3;7.1;445.0
13;1;3;7.9;424.5
14;1;3;8.2;412.25
15;1;3;8.5;406.25
16;1;3;8.4;342.5
17;1;3;7.8;307.5
18;1;3;6.4;287.5
19;1;3;3.8;261.5
20;1;3;2.5;238.0
21;1;3;2.4;224.25
22;1;3;2.4;201.5
23;1;3;0.8;192.0
0;2;3;0.7;190.25
1;2;3;0.6;184.0
2;2;3;0.2;184.75
3;2;3;0.0;185.75
4;2;3;-0.2;184.0
5;2;3;-0.6;197.75
6;2;3;-0.2;236.0
7;2;3;3.6;265.0
8;2;3;6.6;345.0
9;2;3;8.6;393.25
10;2;3;11.0;424.75
11;2;3;12.4;407.0
12;2;3;12.9;415.5
13;2;3;13.4;398.0
14;2;3;13.4;390.75
15;2;3;13.9;385.75
16;2;3;13.6;338.25
17;2;3;11.7;322.0
18;2;3;8.5;331.25
19;2;3;5.9;276.5
20;2;3;5.3;236.75
21;2;3;4.8;226.75
22;2;3;4.5;208.5
23;2;3;3.4;196.25
0;3;3;2.9;194.5
1;3;3;1.8;186.5
2;3;3;1.7;187.25
3;3;3;1.2;187.0
4;3;3;0.9;185.5
5;3;3;0.8;198.25
6;3;3;1.2;233.25
7;3;3;5.2;261.0
8;3;3;9.1;332.75
9;3;3;13.6;378.75
10;3;3;14.3;407.0
11;3;3;15.4;427.5
12;3;3;16.6;426.0
13;3;3;16.6;408.25
14;3;3;16.8;417.75
15;3;3;16.7;407.25
16;3;3;16.5;340.5
17;3;3;15.0;294.75
18;3;3;13.6;274.25
19;3;3;12.5;254.5
20;3;3;9.6;234.75
21;3;3;7.0;218.0
22;3;3;6.7;203.75
23;3;3;5.8;198.5
0;4;3;4.9;201.75
1;4;3;4.2;199.25
2;4;3;4.8;194.25
3;4;3;4.6;193.666666667
4;4;3;2.9;193.5
5;4;3;2.8;200.0
6;4;3;3.9;227.5
7;4;3;9.4;261.75
8;4;3;12.1;312.0
9;4;3;14.1;390.25
10;4;3;15.8;389.5
11;4;3;16.7;411.25
12;4;3;18.3;413.0
13;4;3;18.5;426.5
14;4;3;19.5;426.0
15;4;3;20.3;422.5
16;4;3;20.0;374.25
17;4;3;18.1;333.75
18;4;3;14.7;315.25
19;4;3;11.4;280.0
20;4;3;9.5;252.25
21;4;3;8.2;231.75
22;4;3;7.3;220.0
23;4;3;6.2;210.25
0;5;3;5.5;199.75
1;5;3;4.8;193.5
2;5;3;4.5;189.25
3;5;3;3.8;188.0
4;5;3;3.3;188.25
5;5;3;2.4;192.5
6;5;3;3.7;224.75
7;5;3;7.8;257.75
8;5;3;11.8;309.0
9;5;3;15.5;366.5
10;5;3;16.8;418.5
11;5;3;19.0;433.25
12;5;3;21.5;435.25
13;5;3;22.5;419.25
14;5;3;23.1;397.0
15;5;3;22.4;374.5
16;5;3;21.4;363.25
17;5;3;19.4;312.75
18;5;3;17.5;307.25
19;5;3;16.2;273.75
20;5;3;15.4;222.0
21;5;3;14.5;205.5
22;5;3;13.3;194.0
23;5;3;12.6;192.75
0;6;3;12.4;190.75
1;6;3;12.5;193.75
2;6;3;12.1;187.75
3;6;3;11.3;184.0
4;6;3;10.7;183.75
5;6;3;10.4;182.5
6;6;3;11.1;189.0
7;6;3;12.3;194.25
8;6;3;14.1;211.25
9;6;3;15.4;230.0
10;6;3;17.3;253.0
11;6;3;18.6;247.25
12;6;3;19.6;217.75
13;6;3;20.0;202.5
14;6;3;19.9;209.5
15;6;3;19.8;206.75
16;6;3;18.8;207.75
17;6;3;17.7;199.5
18;6;3;16.3;205.5
19;6;3;14.9;207.0
20;6;3;13.1;204.25
21;6;3;11.6;201.5
22;6;3;10.9;194.25
23;6;3;10.8;190.25
0;7;3;10.8;192.75
1;7;3;10.8;195.0
2;7;3;10.2;NaN
3;7;3;10.7;196.75
4;7;3;10.8;193.0
5;7;3;10.4;184.25
6;7;3;10.3;185.5
7;7;3;10.6;179.0
8;7;3;11.5;183.0
9;7;3;12.3;185.5
10;7;3;13.0;193.25
11;7;3;13.7;196.5
12;7;3;14.6;202.25
13;7;3;15.1;194.75
14;7;3;15.8;204.0
15;7;3;15.6;201.25
16;7;3;14.7;202.25
17;7;3;13.8;194.25
18;7;3;13.2;193.75
19;7;3;13.2;205.25
20;7;3;13.2;207.5
21;7;3;12.4;203.25
22;7;3;12.3;195.25
23;7;3;9.5;187.5
0;1;3;7.5;NaN
1;1;3;6.4;NaN
2;1;3;6.1;NaN
3;1;3;6.5;NaN
4;1;3;10.5;NaN
5;1;3;9.7;NaN
6;1;3;9.6;NaN
7;1;3;9.7;NaN
8;1;3;10.0;NaN
9;1;3;10.9;NaN
10;1;3;11.5;NaN
11;1;3;11.5;NaN
12;1;3;12.0;NaN
13;1;3;12.3;NaN
14;1;3;11.8;NaN
15;1;3;11.7;NaN
16;1;3;11.3;NaN
17;1;3;11.2;NaN
18;1;3;10.3;NaN
19;1;3;9.8;NaN
20;1;3;9.6;NaN
21;1;3;9.5;NaN
22;1;3;9.6;NaN
23;1;3;9.9;NaN
0;2;3;9.4;NaN
1;2;3;9.0;NaN
2;2;3;8.3;NaN
3;2;3;8.0;NaN
4;2;3;6.7;NaN
5;2;3;6.1;NaN
6;2;3;6.3;NaN
7;2;3;8.9;NaN
8;2;3;10.7;NaN
9;2;3;13.2;NaN
10;2;3;14.9;389.5
11;2;3;14.9;387.5
12;2;3;15.1;389.5
13;2;3;15.0;391.0
14;2;3;14.9;401.75
15;2;3;14.9;414.5
16;2;3;15.2;375.75
17;2;3;13.9;297.25
18;2;3;10.7;252.25
19;2;3;8.8;245.0
20;2;3;7.6;238.75
21;2;3;6.7;221.25
22;2;3;6.4;204.75
23;2;3;5.6;198.75
0;3;3;4.9;191.25
1;3;3;4.7;190.75
2;3;3;3.7;191.5
3;3;3;3.0;190.666666667
4;3;3;3.0;197.0
5;3;3;2.8;192.0
6;3;3;4.1;245.75
7;3;3;6.8;273.0
8;3;3;9.9;328.75
9;3;3;13.2;382.25
10;3;3;14.2;415.25
11;3;3;15.9;407.25
12;3;3;16.5;390.0
13;3;3;17.4;383.5
14;3;3;17.3;376.5
15;3;3;17.2;377.0
16;3;3;16.7;326.0
17;3;3;15.4;282.0
18;3;3;12.6;260.25
19;3;3;9.3;249.25
20;3;3;8.4;241.0
21;3;3;7.4;222.75
22;3;3;6.8;208.0
23;3;3;6.5;203.25
0;4;3;5.7;206.0
1;4;3;5.8;196.75
2;4;3;4.9;193.25
3;4;3;5.0;193.0
4;4;3;4.0;193.75
5;4;3;3.7;201.5
6;4;3;5.3;253.5
7;4;3;10.1;281.75
8;4;3;13.2;342.5
9;4;3;15.2;395.75
10;4;3;17.0;434.5
11;4;3;18.1;489.5
12;4;3;18.8;493.25
13;4;3;19.1;497.0
14;4;3;19.2;436.0
15;4;3;18.9;368.25
16;4;3;18.8;319.25
17;4;3;17.8;279.75
18;4;3;14.2;264.75
19;4;3;11.7;243.0
20;4;3;9.8;242.25
21;4;3;9.0;229.5
22;4;3;8.7;212.75
23;4;3;8.4;208.0
0;5;4;7.4;NaN
1;5;4;7.1;NaN
2;5;4;5.9;NaN
3;5;4;6.0;NaN
4;5;4;6.0;NaN
5;5;4;6.8;NaN
6;5;4;8.2;NaN
7;5;4;9.5;NaN
8;5;4;13.1;NaN
9;5;4;14.9;NaN
10;5;4;16.9;NaN
11;5;4;18.3;NaN
12;5;4;19.6;NaN
13;5;4;19.7;NaN
14;5;4;19.7;NaN
15;5;4;19.7;NaN
16;5;4;19.5;NaN
17;5;4;18.6;NaN
18;5;4;18.1;NaN
19;5;4;14.3;NaN
20;5;4;13.7;NaN
21;5;4;13.6;NaN
22;5;4;12.8;NaN
23;5;4;11.2;NaN
0;6;4;10.0;NaN
1;6;4;8.6;NaN
2;6;4;8.4;NaN
3;6;4;7.9;NaN
4;6;4;7.7;NaN
5;6;4;7.3;NaN
6;6;4;8.9;NaN
7;6;4;11.6;NaN
8;6;4;14.8;NaN
9;6;4;18.4;NaN
10;6;4;19.4;NaN
11;6;4;20.4;NaN
12;6;4;20.4;NaN
13;6;4;21.0;NaN
14;6;4;21.3;NaN
15;6;4;21.3;NaN
16;6;4;20.5;NaN
17;6;4;19.4;NaN
18;6;4;15.9;NaN
19;6;4;14.0;NaN
20;6;4;12.2;NaN
21;6;4;11.4;NaN
22;6;4;10.9;NaN
23;6;4;10.4;NaN
0;7;4;10.3;NaN
1;7;4;9.8;NaN
2;7;4;9.2;NaN
3;7;4;9.2;NaN
4;7;4;8.5;NaN
5;7;4;8.1;NaN
6;7;4;8.8;NaN
7;7;4;13.2;NaN
8;7;4;15.6;NaN
9;7;4;16.6;NaN
10;7;4;18.3;NaN
11;7;4;19.8;NaN
12;7;4;20.9;NaN
13;7;4;21.5;NaN
14;7;4;21.8;NaN
15;7;4;21.8;NaN
16;7;4;21.3;NaN
17;7;4;20.3;NaN
18;7;4;18.4;NaN
19;7;4;14.6;NaN
20;7;4;13.3;NaN
21;7;4;12.4;NaN
22;7;4;12.1;NaN
23;7;4;11.8;NaN
0;1;4;11.7;NaN
1;1;4;10.0;NaN
2;1;4;9.8;NaN
3;1;4;9.0;NaN
4;1;4;9.4;NaN
5;1;4;10.0;NaN
6;1;4;11.0;NaN
7;1;4;14.0;NaN
8;1;4;15.8;NaN
9;1;4;17.8;NaN
10;1;4;18.9;NaN
11;1;4;20.2;NaN
12;1;4;21.7;NaN
13;1;4;22.5;NaN
14;1;4;23.0;NaN
15;1;4;23.0;NaN
16;1;4;22.5;NaN
17;1;4;17.5;NaN
18;1;4;15.6;NaN
19;1;4;12.9;NaN
20;1;4;11.8;NaN
21;1;4;10.8;NaN
22;1;4;10.8;NaN
23;1;4;10.8;NaN
0;2;4;10.6;NaN
1;2;4;10.5;NaN
2;2;4;10.3;NaN
3;2;4;9.9;NaN
4;2;4;9.9;NaN
5;2;4;9.0;NaN
6;2;4;9.0;NaN
7;2;4;9.9;NaN
8;2;4;11.1;NaN
9;2;4;12.7;NaN
10;2;4;13.8;NaN
11;2;4;14.5;NaN
12;2;4;14.8;NaN
13;2;4;15.6;NaN
14;2;4;16.1;NaN
15;2;4;14.6;NaN
16;2;4;14.0;NaN
17;2;4;14.5;NaN
18;2;4;12.5;NaN
19;2;4;9.7;NaN
20;2;4;7.8;NaN
21;2;4;6.9;NaN
22;2;4;6.9;NaN
23;2;4;6.5;NaN
0;3;4;6.5;NaN
1;3;4;6.3;NaN
2;3;4;5.7;NaN
3;3;4;5.6;NaN
4;3;4;5.0;NaN
5;3;4;5.3;NaN
6;3;4;7.1;NaN
7;3;4;12.1;NaN
8;3;4;14.8;NaN
9;3;4;15.6;NaN
10;3;4;15.6;NaN
11;3;4;16.5;NaN
12;3;4;16.9;NaN
13;3;4;17.4;NaN
14;3;4;18.2;NaN
15;3;4;18.3;NaN
16;3;4;17.5;NaN
17;3;4;16.8;NaN
18;3;4;14.0;NaN
19;3;4;12.1;NaN
20;3;4;11.6;NaN
21;3;4;10.0;NaN
22;3;4;9.5;NaN
23;3;4;9.0;NaN
0;4;4;8.9;NaN
1;4;4;8.2;NaN
2;4;4;8.3;NaN
3;4;4;8.0;NaN
4;4;4;8.2;NaN
5;4;4;8.2;NaN
6;4;4;10.0;NaN
7;4;4;13.1;NaN
8;4;4;16.6;NaN
9;4;4;19.4;NaN
10;4;4;21.5;NaN
11;4;4;23.8;NaN
12;4;4;24.8;NaN
13;4;4;25.6;NaN
14;4;4;26.4;NaN
15;4;4;25.6;NaN
16;4;4;25.7;NaN
17;4;4;25.3;NaN
18;4;4;21.8;NaN
19;4;4;21.6;NaN
20;4;4;22.0;NaN
21;4;4;23.1;NaN
22;4;4;22.4;NaN
23;4;4;21.4;NaN
0;5;4;18.8;NaN
1;5;4;15.8;NaN
2;5;4;15.6;NaN
3;5;4;15.7;NaN
4;5;4;17.4;NaN
5;5;4;15.3;NaN
6;5;4;14.8;NaN
7;5;4;15.5;NaN
8;5;4;16.5;NaN
9;5;4;16.5;NaN
10;5;4;16.6;NaN
11;5;4;17.7;NaN
12;5;4;18.5;NaN
13;5;4;19.3;NaN
14;5;4;19.9;NaN
15;5;4;20.4;NaN
16;5;4;20.4;NaN
17;5;4;20.1;NaN
18;5;4;18.3;NaN
19;5;4;14.5;NaN
20;5;4;13.3;NaN
21;5;4;11.3;NaN
22;5;4;11.5;NaN
23;5;4;13.9;NaN
0;6;4;13.1;NaN
1;6;4;14.2;NaN
2;6;4;12.1;NaN
3;6;4;11.0;NaN
4;6;4;11.5;NaN
5;6;4;11.5;NaN
6;6;4;13.6;NaN
7;6;4;14.3;NaN
8;6;4;17.0;NaN
9;6;4;19.8;NaN
10;6;4;21.2;NaN
11;6;4;22.5;NaN
12;6;4;23.2;NaN
13;6;4;22.3;NaN
14;6;4;22.2;NaN
15;6;4;21.3;NaN
16;6;4;21.3;NaN
17;6;4;20.0;NaN
18;6;4;17.6;NaN
19;6;4;14.2;NaN
20;6;4;14.1;NaN
21;6;4;11.6;NaN
22;6;4;11.8;NaN
23;6;4;10.5;NaN
0;7;4;7.7;NaN
1;7;4;8.0;NaN
2;7;4;6.3;NaN
3;7;4;5.7;NaN
4;7;4;5.2;NaN
5;7;4;5.4;NaN
6;7;4;7.6;NaN
7;7;4;12.3;NaN
8;7;4;13.6;NaN
9;7;4;13.8;NaN
10;7;4;14.8;NaN
11;7;4;15.5;NaN
12;7;4;16.4;NaN
13;7;4;17.2;NaN
14;7;4;18.4;NaN
15;7;4;19.0;NaN
16;7;4;18.7;NaN
17;7;4;17.1;NaN
18;7;4;14.7;NaN
19;7;4;11.9;NaN
20;7;4;10.4;NaN
21;7;4;9.0;NaN
22;7;4;8.2;NaN
23;7;4;7.7;NaN
0;1;4;7.8;NaN
1;1;4;7.0;NaN
2;1;4;6.8;NaN
3;1;4;6.5;NaN
4;1;4;6.0;NaN
5;1;4;6.7;NaN
6;1;4;11.1;NaN
7;1;4;13.0;NaN
8;1;4;14.9;NaN
9;1;4;16.8;NaN
10;1;4;16.7;NaN
11;1;4;17.3;NaN
12;1;4;18.4;NaN
13;1;4;18.7;NaN
14;1;4;18.4;NaN
15;1;4;18.6;NaN
16;1;4;18.3;NaN
17;1;4;17.5;NaN
18;1;4;15.8;NaN
19;1;4;13.0;NaN
20;1;4;11.6;NaN
21;1;4;10.6;NaN
22;1;4;10.2;NaN
23;1;4;9.9;NaN
0;2;4;9.9;NaN
1;2;4;9.2;NaN
2;2;4;8.2;NaN
3;2;4;7.7;NaN
4;2;4;7.2;NaN
5;2;4;7.0;NaN
6;2;4;11.7;NaN
7;2;4;16.5;NaN
8;2;4;19.2;NaN
9;2;4;21.5;NaN
10;2;4;23.1;NaN
11;2;4;23.8;NaN
12;2;4;24.3;NaN
13;2;4;25.3;NaN
14;2;4;24.2;NaN
15;2;4;23.2;NaN
16;2;4;22.2;NaN
17;2;4;19.4;NaN
18;2;4;10.9;NaN
19;2;4;8.9;NaN
20;2;4;8.2;NaN
21;2;4;7.8;NaN
22;2;4;7.9;NaN
23;2;4;7.8;NaN
0;3;4;7.4;NaN
1;3;4;6.7;NaN
2;3;4;6.7;NaN
3;3;4;6.8;NaN
4;3;4;6.8;NaN
5;3;4;6.2;NaN
6;3;4;6.4;NaN
7;3;4;7.9;NaN
8;3;4;10.7;NaN
9;3;4;11.7;NaN
10;3;4;12.5;NaN
11;3;4;13.1;NaN
12;3;4;13.0;NaN
13;3;4;11.2;NaN
14;3;4;14.1;NaN
15;3;4;13.0;NaN
16;3;4;12.0;NaN
17;3;4;11.5;NaN
18;3;4;9.7;NaN
19;3;4;6.7;NaN
20;3;4;5.5;NaN
21;3;4;4.6;NaN
22;3;4;3.9;NaN
23;3;4;3.7;NaN
0;4;4;4.7;NaN
1;4;4;6.4;NaN
2;4;4;7.7;NaN
3;4;4;5.9;NaN
4;4;4;3.7;NaN
5;4;4;3.2;NaN
6;4;4;5.3;NaN
7;4;4;7.1;NaN
8;4;4;10.1;NaN
9;4;4;13.1;NaN
10;4;4;13.1;NaN
11;4;4;13.9;NaN
12;4;4;14.1;NaN
13;4;4;14.9;NaN
14;4;4;14.2;NaN
15;4;4;13.6;NaN
16;4;4;12.5;NaN
17;4;4;11.6;NaN
18;4;4;10.6;NaN
19;4;4;9.9;NaN
20;4;4;8.5;NaN
21;4;4;6.2;NaN
22;4;4;6.2;NaN
23;4;4;6.1;NaN
0;5;4;7.6;NaN
1;5;4;7.0;NaN
2;5;4;5.8;NaN
3;5;4;5.6;NaN
4;5;4;5.3;NaN
5;5;4;5.8;NaN
6;5;4;8.2;NaN
7;5;4;9.1;NaN
8;5;4;11.2;NaN
9;5;4;12.1;NaN
10;5;4;12.0;NaN
11;5;4;12.2;NaN
12;5;4;12.6;NaN
13;5;4;12.3;NaN
14;5;4;13.0;NaN
15;5;4;13.8;NaN
16;5;4;12.6;NaN
17;5;4;11.9;NaN
18;5;4;10.9;NaN
19;5;4;9.6;NaN
20;5;4;8.7;NaN
21;5;4;7.0;NaN
22;5;4;7.1;NaN
23;5;4;7.3;NaN
0;6;4;7.3;NaN
1;6;4;8.4;NaN
2;6;4;8.9;NaN
3;6;4;8.7;NaN
4;6;4;8.9;NaN
5;6;4;9.0;NaN
6;6;4;9.0;NaN
7;6;4;9.3;NaN
8;6;4;10.5;NaN
9;6;4;9.8;NaN
10;6;4;9.7;NaN
11;6;4;10.6;NaN
12;6;4;12.7;NaN
13;6;4;13.5;NaN
14;6;4;14.0;170.333333333
15;6;4;13.3;172.75
16;6;4;12.0;163.25
17;6;4;11.7;163.75
18;6;4;11.5;167.25
19;6;4;10.4;174.25
20;6;4;9.1;177.5
21;6;4;9.2;175.75
22;6;4;9.1;164.75
23;6;4;9.3;157.75
0;7;4;9.4;151.0
1;7;4;9.1;144.25
2;7;4;8.6;147.75
3;7;4;7.0;147.75
4;7;4;5.9;148.0
5;7;4;5.7;147.0
6;7;4;9.3;158.25
7;7;4;10.5;154.25
8;7;4;12.7;154.0
9;7;4;13.8;156.0
10;7;4;14.7;156.25
11;7;4;14.4;156.25
12;7;4;14.2;156.75
13;7;4;15.6;157.25
14;7;4;14.4;158.25
15;7;4;14.0;160.75
16;7;4;14.5;152.5
17;7;4;14.2;151.5
18;7;4;12.5;156.0
19;7;4;8.8;158.75
20;7;4;8.2;162.25
21;7;4;7.6;159.5
22;7;4;6.3;149.75
23;7;4;5.9;148.5
0;1;4;5.9;146.25
1;1;4;5.8;143.75
2;1;4;5.3;141.5
3;1;4;4.1;142.5
4;1;4;4.0;142.0
5;1;4;4.1;146.25
6;1;4;7.2;203.25
7;1;4;10.2;239.5
8;1;4;14.3;324.75
9;1;4;15.4;390.5
10;1;4;16.8;401.75
11;1;4;16.0;411.25
12;1;4;17.2;419.0
13;1;4;16.6;411.75
14;1;4;16.9;413.0
15;1;4;17.6;381.5
16;1;4;17.3;312.25
17;1;4;15.6;252.25
18;1;4;12.2;238.0
19;1;4;9.6;215.75
20;1;4;8.6;192.75
21;1;4;7.7;183.25
22;1;4;8.8;172.25
23;1;4;9.4;164.25
0;2;4;9.0;158.75
1;2;4;8.6;154.25
2;2;4;7.3;151.75
3;2;4;7.0;151.25
4;2;4;6.1;152.25
5;2;4;5.4;160.5
6;2;4;8.4;204.75
7;2;4;11.5;254.5
8;2;4;15.3;329.25
9;2;4;17.5;374.75
10;2;4;18.1;391.25
11;2;4;18.5;408.5
12;2;4;19.0;440.0
13;2;4;18.6;428.75
14;2;4;18.4;422.75
15;2;4;18.2;380.0
16;2;4;18.2;335.0
17;2;4;17.1;301.5
18;2;4;14.2;268.0
19;2;4;10.7;214.75
20;2;4;10.3;198.5
21;2;4;9.5;184.0
22;2;4;8.9;175.0
23;2;4;7.8;171.0
0;3;4;7.4;168.0
1;3;4;6.6;160.5
2;3;4;5.8;157.0
3;3;4;5.3;156.25
4;3;4;5.1;157.0
5;3;4;5.4;165.0
6;3;4;8.6;208.0
7;3;4;11.9;243.75
8;3;4;14.7;339.75
9;3;4;17.2;389.5
10;3;4;18.7;407.0
11;3;4;19.8;396.5
12;3;4;20.5;411.5
13;3;4;21.2;388.5
14;3;4;21.0;398.0
15;3;4;21.1;371.0
16;3;4;20.6;332.5
17;3;4;19.8;291.0
18;3;4;16.3;245.25
19;3;4;13.6;227.5
20;3;4;12.2;221.0
21;3;4;11.4;201.25
22;3;4;10.5;180.25
23;3;4;9.5;170.25
0;4;4;8.7;162.75
1;4;4;7.8;158.25
2;4;4;7.6;152.5
3;4;4;6.8;150.5
4;4;4;6.1;149.75
5;4;4;6.7;157.0
6;4;4;10.3;211.0
7;4;4;12.8;244.5
8;4;4;15.1;319.5
9;4;4;17.9;365.0
10;4;4;20.0;382.0
11;4;4;21.7;424.0
12;4;4;22.8;428.0
13;4;4;23.5;413.0
14;4;4;23.6;393.75
15;4;4;23.7;358.0
16;4;4;23.7;312.5
17;4;4;22.8;280.25
18;4;4;21.6;261.75
19;4;4;14.8;235.75
20;4;4;12.8;217.5
21;4;4;11.1;200.25
22;4;4;10.2;179.25
23;4;4;9.8;170.0
0;5;4;9.1;160.25
1;5;4;8.6;153.5
2;5;4;7.9;151.5
3;5;4;7.4;151.75
4;5;4;7.1;151.0
5;5;4;7.5;153.5
6;5;4;10.8;187.25
7;5;4;14.2;241.0
8;5;4;17.9;281.25
9;5;4;19.4;340.25
10;5;4;20.9;336.0
11;5;4;22.0;343.5
12;5;4;22.4;342.5
13;5;4;22.9;322.75
14;5;4;23.0;303.5
15;5;4;23.5;278.5
16;5;4;23.3;232.0
17;5;4;22.2;184.0
18;5;4;18.0;173.5
19;5;4;15.0;164.5
20;5;4;13.4;165.25
21;5;4;13.2;162.75
22;5;4;11.9;156.5
23;5;4;10.5;152.5
0;6;4;10.0;151.75
1;6;4;10.0;152.5
2;6;4;9.1;146.25
3;6;4;8.3;145.5
4;6;4;8.2;145.25
5;6;4;8.5;144.75
6;6;4;10.6;149.0
7;6;4;14.6;151.0
8;6;4;18.1;153.25
9;6;4;20.4;155.25
10;6;4;21.8;152.25
11;6;4;22.6;153.75
12;6;4;22.3;158.0
13;6;4;23.3;163.5
14;6;4;23.7;156.5
15;6;4;23.2;154.0
16;6;4;23.3;151.5
17;6;4;21.9;151.25
18;6;4;20.8;152.5
19;6;4;19.9;150.75
20;6;4;19.6;155.5
21;6;4;19.2;154.75
22;6;4;18.3;146.5
23;6;4;16.9;144.25
0;7;4;15.5;143.25
1;7;4;14.6;142.0
2;7;4;15.1;143.0
3;7;4;14.1;141.0
4;7;4;12.9;141.25
5;7;4;12.4;139.75
6;7;4;15.3;136.5
7;7;4;17.2;136.25
8;7;4;19.4;137.75
9;7;4;20.3;140.25
10;7;4;22.0;142.25
11;7;4;22.9;142.75
12;7;4;23.4;143.75
13;7;4;23.7;145.0
14;7;4;23.6;144.75
15;7;4;23.3;145.5
16;7;4;22.5;147.75
17;7;4;21.5;152.75
18;7;4;20.7;151.0
19;7;4;18.0;151.25
20;7;4;15.4;159.0
21;7;4;15.0;158.75
22;7;4;14.4;153.0
23;7;4;14.2;150.0
0;1;4;13.2;148.75
1;1;4;11.8;148.0
2;1;4;10.9;143.25
3;1;4;11.3;142.5
4;1;4;11.9;139.0
5;1;4;11.8;136.0
6;1;4;12.8;141.25
7;1;4;14.2;143.5
8;1;4;14.6;146.0
9;1;4;17.8;148.75
10;1;4;19.2;153.0
11;1;4;20.2;155.0
12;1;4;21.0;157.0
13;1;4;21.1;162.25
14;1;4;21.7;160.75
15;1;4;21.6;157.0
16;1;4;21.1;157.75
17;1;4;20.4;159.5
18;1;4;18.2;160.75
19;1;4;15.9;161.75
20;1;4;16.0;163.0
21;1;4;14.9;160.75
22;1;4;14.8;158.75
23;1;4;14.7;157.75
0;2;4;13.9;153.0
1;2;4;14.1;143.25
2;2;4;13.7;141.75
3;2;4;13.1;140.25
4;2;4;12.9;139.75
5;2;4;12.9;143.5
6;2;4;12.9;196.75
7;2;4;12.2;238.25
8;2;4;12.4;346.5
9;2;4;12.9;410.25
10;2;4;13.7;423.75
11;2;4;13.8;434.5
12;2;4;14.0;434.75
13;2;4;14.6;428.0
14;2;4;14.7;420.75
15;2;4;13.5;394.0
16;2;4;13.3;356.5
17;2;4;13.9;312.25
18;2;4;14.0;291.0
19;2;4;14.2;248.5
20;2;4;14.1;193.75
21;2;4;14.0;183.0
22;2;4;13.2;160.5
23;2;4;13.1;156.75
0;3;4;12.6;158.5
1;3;4;12.5;149.5
2;3;4;12.6;150.25
3;3;4;12.3;150.25
4;3;4;12.3;149.25
5;3;4;12.6;150.0
6;3;4;13.6;209.75
7;3;4;14.8;235.5
8;3;4;15.0;310.0
9;3;4;16.3;374.75
10;3;4;16.7;402.25
11;3;4;16.3;413.75
12;3;4;16.8;416.0
13;3;4;16.9;418.5
14;3;4;16.4;409.5
15;3;4;16.3;408.5
16;3;4;16.7;367.25
17;3;4;15.9;320.0
18;3;4;15.6;287.5
19;3;4;15.5;254.75
20;3;4;15.0;207.25
21;3;4;14.8;187.25
22;3;4;13.8;168.25
23;3;4;13.6;163.75
0;4;4;13.3;155.5
1;4;4;11.8;153.0
2;4;4;13.0;152.5
3;4;4;13.1;151.25
4;4;4;12.7;150.0
5;4;4;11.6;152.25
6;4;4;11.4;208.5
7;4;4;11.9;236.5
8;4;4;13.0;323.75
9;4;4;14.9;425.25
10;4;4;14.8;461.5
11;4;4;15.0;467.0
12;4;4;16.3;472.333333333
13;4;4;15.1;454.25
14;4;4;15.9;435.0
15;4;4;14.9;417.5
16;4;4;14.9;373.5
17;4;4;14.8;324.5
18;4;4;14.5;290.75
19;4;4;13.6;260.5
20;4;4;12.5;226.25
21;4;4;12.0;200.25
22;4;4;11.6;182.75
23;4;4;11.2;173.5
0;5;4;10.9;169.25
1;5;4;11.1;159.75
2;5;4;11.2;158.75
3;5;4;11.5;158.5
4;5;4;11.4;156.75
5;5;4;11.4;164.5
6;5;4;11.7;219.75
7;5;4;12.5;259.75
8;5;4;12.9;333.0
9;5;4;13.5;390.75
10;5;4;14.1;406.0
11;5;4;14.5;441.25
12;5;4;15.2;448.25
13;5;4;14.6;440.75
14;5;4;16.2;414.0
15;5;4;16.5;379.5
16;5;4;15.3;339.25
17;5;4;14.7;287.5
18;5;4;13.5;243.25
19;5;4;12.7;203.5
20;5;4;12.1;185.75
21;5;4;12.0;180.25
22;5;4;12.0;164.5
23;5;4;12.0;159.75
0;6;4;12.2;161.25
1;6;4;12.0;163.0
2;6;4;12.1;159.75
3;6;4;12.0;158.5
4;6;4;11.7;160.0
5;6;4;11.8;163.0
6;6;4;12.1;156.0
7;6;4;13.3;158.0
8;6;4;13.8;160.5
9;6;4;14.1;176.5
10;6;4;15.0;174.75
11;6;4;16.6;173.25
12;6;4;16.4;170.25
13;6;4;17.6;167.0
14;6;4;18.8;166.25
15;6;4;18.9;175.0
16;6;4;18.9;176.25
17;6;4;18.4;175.5
18;6;4;16.9;185.25
19;6;4;15.9;175.25
20;6;4;15.1;192.0
21;6;4;13.8;210.25
22;6;4;12.5;196.25
23;6;4;12.0;193.5
0;7;5;11.9;188.0
1;7;5;11.1;183.75
2;7;5;11.2;179.0
3;7;5;11.6;176.25
4;7;5;11.2;159.25
5;7;5;11.8;154.25
6;7;5;12.3;145.5
7;7;5;13.1;145.0
8;7;5;14.4;145.0
9;7;5;15.1;145.25
10;7;5;15.2;145.0
11;7;5;14.9;150.0
12;7;5;16.5;158.5
13;7;5;17.9;160.75
14;7;5;18.9;162.25
15;7;5;18.4;163.25
16;7;5;15.2;156.25
17;7;5;13.3;157.25
18;7;5;13.2;161.5
19;7;5;12.9;166.25
20;7;5;12.9;167.25
21;7;5;12.2;167.75
22;7;5;11.3;161.25
23;7;5;11.9;161.0
0;1;5;12.0;159.75
1;1;5;10.1;158.25
2;1;5;9.0;152.75
3;1;5;8.6;153.5
4;1;5;8.1;150.5
5;1;5;8.4;157.25
6;1;5;11.0;189.5
7;1;5;13.3;214.0
8;1;5;15.2;288.5
9;1;5;16.7;361.5
10;1;5;17.3;367.5
11;1;5;18.3;391.25
12;1;5;19.4;393.0
13;1;5;19.6;396.5
14;1;5;19.6;364.5
15;1;5;19.3;330.25
16;1;5;19.4;292.75
17;1;5;18.9;249.5
18;1;5;16.4;215.25
19;1;5;13.8;201.25
20;1;5;12.6;197.5
21;1;5;12.7;188.75
22;1;5;12.9;170.5
23;1;5;12.1;160.25
0;2;5;11.7;153.25
1;2;5;11.2;152.0
2;2;5;12.2;150.75
3;2;5;11.5;150.25
4;2;5;10.6;151.75
5;2;5;12.0;158.75
6;2;5;14.1;186.5
7;2;5;17.0;231.0
8;2;5;18.9;318.0
9;2;5;20.5;379.25
10;2;5;21.8;401.75
11;2;5;22.3;370.0
12;2;5;22.6;367.0
13;2;5;22.2;363.25
14;2;5;23.7;373.5
15;2;5;23.8;378.0
16;2;5;15.6;317.5
17;2;5;13.4;274.75
18;2;5;12.7;264.25
19;2;5;11.0;222.75
20;2;5;10.1;201.75
21;2;5;10.0;186.25
22;2;5;8.5;175.25
23;2;5;8.0;172.75
0;3;5;8.1;174.25
1;3;5;7.2;168.75
2;3;5;6.6;167.0
3;3;5;6.0;NaN
4;3;5;3.8;NaN
5;3;5;5.2;NaN
6;3;5;7.5;NaN
7;3;5;9.3;NaN
8;3;5;9.9;NaN
9;3;5;10.5;379.0
10;3;5;11.2;394.5
11;3;5;12.1;396.0
12;3;5;12.5;398.75
13;3;5;12.6;383.25
14;3;5;13.5;380.25
15;3;5;13.6;367.5
16;3;5;13.7;317.75
17;3;5;12.8;264.5
18;3;5;11.9;225.75
19;3;5;9.7;190.5
20;3;5;7.1;187.0
21;3;5;5.8;182.5
22;3;5;5.1;169.75
23;3;5;5.0;164.75
0;4;5;4.3;165.25
1;4;5;4.2;155.75
2;4;5;4.5;154.75
3;4;5;4.4;153.75
4;4;5;3.9;152.75
5;4;5;5.0;158.0
6;4;5;9.4;191.5
7;4;5;12.1;220.25
8;4;5;13.8;289.981818182
9;4;5;14.7;329.769633508
10;4;5;14.8;352.164179104
11;4;5;15.6;362.840163934
12;4;5;15.2;385.322097378
13;4;5;16.0;401.907063197
14;4;5;15.8;388.558052434
15;4;5;15.7;386.911111111
16;4;5;15.3;325.919413919
17;4;5;14.7;284.802197802
18;4;5;13.5;231.626373626
19;4;5;10.4;198.156934307
20;4;5;8.4;199.432234432
21;4;5;7.4;192.054744526
22;4;5;6.9;174.355311355
23;4;5;6.0;168.547794118
0;5;5;5.5;161.270072993
1;5;5;4.9;157.644688645
2;5;5;4.5;154.620437956
3;5;5;4.2;155.382352941
4;5;5;3.9;156.062043796
5;5;5;5.8;158.065693431
6;5;5;9.6;198.981684982
7;5;5;11.7;236.149635036
8;5;5;13.2;301.408759124
9;5;5;14.6;349.080586081
10;5;5;15.5;368.861313869
11;5;5;16.3;371.619047619
12;5;5;16.6;371.816849817
13;5;5;17.3;360.435897436
14;5;5;17.8;353.820224719
15;5;5;17.8;352.313953488
16;5;5;17.8;302.072033898
17;5;5;17.6;264.07755102
18;5;5;16.2;236.357142857
19;5;5;12.4;209.738589212
20;5;5;10.5;186.378723404
21;5;5;9.6;180.358649789
22;5;5;9.2;170.56846473
23;5;5;8.7;165.319148936
0;6;5;7.7;164.452674897
1;6;5;6.9;158.765432099
2;6;5;6.9;155.367768595
3;6;5;6.1;153.157676349
4;6;5;5.2;150.008163265
5;6;5;6.8;149.567901235
6;6;5;10.2;159.253061224
7;6;5;12.5;159.404958678
8;6;5;15.0;158.531120332
9;6;5;17.6;165.864197531
10;6;5;19.5;167.43220339
11;6;5;20.8;175.393442623
12;6;5;21.6;178.18699187
13;6;5;22.6;178.391836735
14;6;5;22.8;169.679012346
15;6;5;22.8;170.655737705
16;6;5;22.5;166.134693878
17;6;5;21.5;162.049180328
18;6;5;19.6;161.407407407
19;6;5;15.6;163.433884298
20;6;5;12.3;170.975308642
21;6;5;11.0;165.589211618
22;6;5;10.6;161.012244898
23;6;5;9.4;161.214285714
0;7;5;8.6;160.172131148
1;7;5;7.8;159.057142857
2;7;5;8.3;156.493775934
3;7;5;7.8;155.265560166
4;7;5;7.3;150.520491803
5;7;5;9.0;145.228215768
6;7;5;13.6;142.547325103
7;7;5;16.4;144.545081967
8;7;5;18.9;146.315352697
9;7;5;19.7;150.468619247
10;7;5;19.3;173.851239669
11;7;5;18.1;176.958677686
12;7;5;16.0;174.31120332
13;7;5;12.6;177.280487805
14;7;5;12.9;178.18487395
15;7;5;13.7;181.518672199
16;7;5;11.7;174.917073171
17;7;5;9.7;167.209756098
18;7;5;9.6;167.234042553
19;7;5;9.5;161.327659574
20;7;5;9.2;170.091666667
21;7;5;8.9;170.76446281
22;7;5;8.6;161.818181818
23;7;5;8.3;160.642857143
0;1;5;8.1;160.25
1;1;5;6.8;157.0
2;1;5;6.6;150.75
3;1;5;5.8;152.0
4;1;5;6.0;150.75
5;1;5;10.0;150.0
6;1;5;12.1;205.25
7;1;5;13.9;225.5
8;1;5;15.4;294.25
9;1;5;16.6;355.75
10;1;5;17.3;378.75
11;1;5;17.6;396.0
12;1;5;17.8;422.25
13;1;5;18.1;412.25
14;1;5;18.7;365.75
15;1;5;18.6;324.5
16;1;5;18.9;288.0
17;1;5;18.7;254.0
18;1;5;17.7;220.75
19;1;5;14.7;198.5
20;1;5;14.2;188.75
21;1;5;14.5;182.25
22;1;5;13.8;167.25
23;1;5;12.8;162.75
0;2;5;11.5;154.0
1;2;5;11.0;153.25
2;2;5;11.2;152.25
3;2;5;10.6;152.5
4;2;5;9.3;151.25
5;2;5;10.7;153.5
6;2;5;13.6;206.0
7;2;5;16.3;227.5
8;2;5;19.4;279.0
9;2;5;21.2;336.75
10;2;5;22.1;352.25
11;2;5;22.4;368.0
12;2;5;23.0;367.0
13;2;5;23.4;371.75
14;2;5;23.3;356.5
15;2;5;23.2;377.75
16;2;5;23.1;332.5
17;2;5;22.6;277.5
18;2;5;19.7;218.5
19;2;5;16.3;200.75
20;2;5;14.2;197.5
21;2;5;13.1;191.0
22;2;5;12.4;175.75
23;2;5;12.0;169.5
0;3;5;11.4;166.75
1;3;5;10.7;160.5
2;3;5;9.7;158.5
3;3;5;9.3;158.0
4;3;5;9.3;155.0
5;3;5;11.8;159.75
6;3;5;16.3;222.5
7;3;5;18.3;244.0
8;3;5;20.4;324.5
9;3;5;23.2;387.5
10;3;5;23.4;394.75
11;3;5;24.3;388.5
12;3;5;25.1;372.75
13;3;5;25.1;380.25
14;3;5;25.0;367.75
15;3;5;24.9;347.75
16;3;5;24.7;317.25
17;3;5;23.6;255.0
18;3;5;20.7;229.0
19;3;5;17.4;209.25
20;3;5;15.1;206.25
21;3;5;14.3;204.5
22;3;5;13.5;185.0
23;3;5;12.9;179.75
0;4;5;12.1;174.5
1;4;5;11.5;166.75
2;4;5;10.5;165.0
3;4;5;9.9;163.0
4;4;5;9.5;161.0
5;4;5;11.5;164.25
6;4;5;14.3;219.0
7;4;5;16.9;229.25
8;4;5;20.8;292.0
9;4;5;23.2;348.75
10;4;5;25.4;360.25
11;4;5;26.4;387.5
12;4;5;26.8;405.0
13;4;5;27.1;405.0
14;4;5;26.5;372.5
15;4;5;25.9;359.75
16;4;5;26.6;311.5
17;4;5;25.6;250.75
18;4;5;22.4;233.0
19;4;5;19.0;206.5
20;4;5;17.4;206.5
21;4;5;16.4;203.0
22;4;5;16.5;186.75
23;4;5;17.0;178.5
0;5;5;19.5;NaN
1;5;5;19.6;NaN
2;5;5;18.2;NaN
3;5;5;17.5;NaN
4;5;5;17.1;NaN
5;5;5;16.8;NaN
6;5;5;16.8;NaN
7;5;5;17.8;NaN
8;5;5;19.6;NaN
9;5;5;21.0;NaN
10;5;5;22.4;NaN
11;5;5;22.4;NaN
12;5;5;23.1;NaN
13;5;5;22.4;NaN
14;5;5;22.9;NaN
15;5;5;23.4;NaN
16;5;5;22.8;NaN
17;5;5;22.3;NaN
18;5;5;21.4;NaN
19;5;5;19.4;NaN
20;5;5;18.4;NaN
21;5;5;17.4;NaN
22;5;5;15.8;NaN
23;5;5;15.5;NaN
0;6;5;15.0;NaN
1;6;5;14.1;NaN
2;6;5;13.1;NaN
3;6;5;12.6;NaN
4;6;5;12.5;NaN
5;6;5;14.1;NaN
6;6;5;16.5;NaN
7;6;5;18.7;NaN
8;6;5;19.9;NaN
9;6;5;22.2;228.0
10;6;5;22.9;233.0
11;6;5;24.7;228.0
12;6;5;25.2;227.0
13;6;5;25.1;230.5
14;6;5;25.6;237.75
15;6;5;26.0;237.0
16;6;5;25.0;222.75
17;6;5;25.6;227.75
18;6;5;24.5;219.75
19;6;5;22.5;205.0
20;6;5;20.5;214.25
21;6;5;16.9;214.25
22;6;5;14.2;214.5
23;6;5;14.2;206.0
0;7;5;14.3;196.8
1;7;5;14.2;192.0
2;7;5;13.6;187.25
3;7;5;13.7;182.75
4;7;5;13.9;173.25
5;7;5;14.4;173.0
6;7;5;15.3;171.5
7;7;5;15.8;178.650684932
8;7;5;15.4;186.276422764
9;7;5;14.9;196.863453815
10;7;5;12.7;207.919354839
11;7;5;12.7;198.52016129
12;7;5;12.8;218.7375
13;7;5;12.0;210.466346154
14;7;5;12.0;214.121495327
15;7;5;11.5;214.696682464
16;7;5;11.1;201.519047619
17;7;5;11.1;205.523148148
18;7;5;11.1;213.796460177
19;7;5;10.6;207.502242152
20;7;5;10.2;213.358974359
21;7;5;10.2;212.991701245
22;7;5;10.1;203.4
23;7;5;9.9;191.850202429
0;1;5;9.9;186.187755102
1;1;5;10.0;182.482071713
2;1;5;9.8;179.93877551
3;1;5;9.8;175.079497908
4;1;5;9.6;173.581300813
5;1;5;10.2;187.472
6;1;5;11.7;240.599190283
7;1;5;14.6;293.518218623
8;1;5;15.2;354.928286853
9;1;5;15.4;378.895652174
10;1;5;15.5;404.864864865
11;1;5;16.0;430.662222222
12;1;5;16.4;425.625550661
13;1;5;16.9;404.049107143
14;1;5;17.3;410.918918919
15;1;5;16.8;384.388127854
16;1;5;16.7;333.786069652
17;1;5;16.7;296.175609756
18;1;5;15.6;266.180094787
19;1;5;13.8;229.693023256
20;1;5;14.0;206.180995475
21;1;5;12.6;193.981651376
22;1;5;11.4;178.222772277
23;1;5;11.8;175.06
0;2;5;12.5;164.068181818
1;2;5;13.3;158.233050847
2;2;5;13.5;154.858870968
3;2;5;13.5;154.421052632
4;2;5;13.7;152.33877551
5;2;5;13.7;150.926829268
6;2;5;14.6;207.514423077
7;2;5;16.0;244.62
8;2;5;16.5;332.877729258
9;2;5;17.2;378.81981982
10;2;5;16.9;393.697777778
11;2;5;17.6;401.732758621
12;2;5;18.0;402.447826087
13;2;5;18.2;403.245614035
14;2;5;19.4;394.703056769
15;2;5;19.0;394.145299145
16;2;5;19.0;346.618025751
17;2;5;18.6;310.888412017
18;2;5;17.6;288.942731278
19;2;5;16.5;245.654867257
20;2;5;16.3;219.291304348
21;2;5;15.7;194.439655172
22;2;5;15.2;176.42173913
23;2;5;15.5;168.566371681
0;3;5;14.6;157.226086957
1;3;5;14.6;151.431718062
2;3;5;13.8;150.49339207
3;3;5;13.8;148.055319149
4;3;5;13.7;143.608695652
5;3;5;13.7;150.533632287
6;3;5;14.4;203.697777778
7;3;5;15.3;247.273542601
8;3;5;16.7;333.521367521
9;3;5;17.7;399.546255507
10;3;5;18.8;431.96969697
11;3;5;20.6;435.341991342
12;3;5;21.6;440.12601626
13;3;5;22.3;421.939271255
14;3;5;22.5;421.61752988
15;3;5;22.5;394.723577236
16;3;5;22.3;329.983471074
17;3;5;21.4;289.966942149
18;3;5;20.8;264.042372881
19;3;5;18.3;237.445945946
20;3;5;16.0;198.845454545
21;3;5;14.9;184.540178571
22;3;5;14.3;172.691666667
23;3;5;13.3;165.532520325
0;4;5;12.9;155.0
1;4;5;12.4;149.807228916
2;4;5;12.3;145.241935484
3;4;5;12.2;145.457831325
4;4;5;12.0;144.588709677
5;4;5;13.6;150.024390244
6;4;5;16.5;215.123505976
7;4;5;19.2;251.067460317
8;4;5;20.3;341.756521739
9;4;5;22.2;386.143478261
10;4;5;23.3;400.367713004
11;4;5;24.3;419.92244898
12;4;5;24.8;427.37751004
13;4;5;24.8;425.78
14;4;5;25.3;418.497959184
15;4;5;24.8;397.755102041
16;4;5;25.2;346.004065041
17;4;5;24.7;289.619834711
18;4;5;22.0;278.479820628
19;4;5;19.4;243.601851852
20;4;5;17.4;224.431111111
21;4;5;16.4;200.383966245
22;4;5;15.7;182.487394958
23;4;5;15.4;170.515418502
0;5;5;15.0;164.175438596
1;5;5;14.8;156.844262295
2;5;5;14.4;154.791878173
3;5;5;13.8;153.805194805
4;5;5;13.8;152.920704846
5;5;5;14.9;155.410714286
6;5;5;18.0;204.115555556
7;5;5;20.6;221.004385965
8;5;5;22.8;314.959459459
9;5;5;23.7;383.214953271
10;5;5;24.7;393.612244898
11;5;5;25.4;423.834254144
12;5;5;25.8;431.608108108
13;5;5;26.3;430.9004329
14;5;5;26.5;417.675438596
15;5;5;26.0;379.03125
16;5;5;25.5;322.785714286
17;5;5;25.0;268.533039648
18;5;5;24.4;216.103004292
19;5;5;21.1;186.670995671
20;5;5;19.0;183.034782609
21;5;5;18.1;184.054298643
22;5;5;17.7;169.121621622
23;5;5;16.6;164.962962963
0;6;5;15.7;159.963800905
1;6;5;15.6;155.493150685
2;6;5;14.8;152.966824645
3;6;5;14.4;150.413636364
4;6;5;14.4;147.751152074
5;6;5;16.1;142.610091743
6;6;5;19.2;164.78440367
7;6;5;21.3;166.056074766
8;6;5;23.0;134.071748879
9;6;5;25.3;184.208888889
10;6;5;26.1;210.132420091
11;6;5;26.9;217.261904762
12;6;5;27.4;194.737864078
13;6;5;27.0;193.943925234
14;6;5;26.6;210.967889908
15;6;5;17.5;211.469194313
16;6;5;17.4;192.620853081
17;6;5;17.8;187.259803922
18;6;5;18.2;179.942307692
19;6;5;18.0;179.823529412
20;6;5;17.2;180.338383838
21;6;5;16.1;176.89119171
22;6;5;14.9;159.348039216
23;6;5;14.0;153.483870968
0;7;5;13.2;153.584745763
1;7;5;12.8;146.732142857
2;7;5;12.2;147.353982301
3;7;5;12.1;146.163090129
4;7;5;12.0;143.858369099
5;7;5;13.1;143.703539823
6;7;5;15.1;143.286956522
7;7;5;16.3;143.81938326
8;7;5;19.4;146.970588235
9;7;5;21.4;150.583333333
10;7;5;22.6;155.089686099
11;7;5;23.7;157.222222222
12;7;5;24.8;161.004385965
13;7;5;25.6;163.935064935
14;7;5;26.0;165.375565611
15;7;5;25.7;169.952173913
16;7;5;25.7;164.799107143
17;7;5;25.2;168.623318386
18;7;5;20.6;173.389423077
19;7;5;17.7;171.0
20;7;5;16.8;177.40625
21;7;5;16.6;168.164705882
22;7;5;15.8;165.231182796
23;7;5;15.8;160.933014354
0;1;5;15.8;154.251184834
1;1;5;15.1;148.236363636
2;1;5;15.0;147.823529412
3;1;5;14.6;146.938596491
4;1;5;14.8;145.964285714
5;1;5;15.8;154.219827586
6;1;5;18.3;195.561085973
7;1;5;20.4;246.187793427
8;1;5;21.1;328.296460177
9;1;5;23.8;377.138528139
10;1;5;25.3;417.03930131
11;1;5;26.0;471.391111111
12;1;5;26.4;495.971962617
13;1;5;26.8;485.692307692
14;1;5;27.3;499.836283186
15;1;5;23.8;476.127272727
16;1;5;24.1;369.395348837
17;1;5;22.5;331.171171171
18;1;5;19.9;280.230088496
19;1;5;19.9;262.793577982
20;1;5;19.1;222.331818182
21;1;5;18.9;207.254545455
22;1;5;18.3;187.230769231
23;1;5;18.9;175.762790698
0;2;5;17.7;167.793859649
1;2;5;16.9;162.236607143
2;2;5;16.0;157.113537118
3;2;5;15.4;157.627705628
4;2;5;15.0;155.8125
5;2;5;16.1;159.46460177
6;2;5;19.0;198.013043478
7;2;5;20.7;263.487068966
8;2;5;22.6;372.727678571
9;2;5;24.0;440.674107143
10;2;5;25.7;468.194690265
11;2;5;26.1;498.164502165
12;2;5;26.4;477.251121076
13;2;5;26.8;471.905063291
14;2;5;26.8;465.41875
15;2;5;26.7;457.556053812
16;2;5;26.9;379.592105263
17;2;5;26.3;331.547826087
18;2;5;24.7;291.057268722
19;2;5;21.2;233.034632035
20;2;5;20.0;214.686098655
21;2;5;18.6;202.852678571
22;2;5;18.4;185.328947368
23;2;5;18.0;180.052863436
0;3;5;17.7;171.017699115
1;3;5;16.6;161.165938865
2;3;5;16.0;160.386666667
3;3;5;16.0;159.107758621
4;3;5;15.6;158.391304348
5;3;5;17.3;163.054545455
6;3;5;19.7;204.401785714
7;3;5;22.9;256.947136564
8;3;5;23.8;349.827272727
9;3;5;24.3;403.392307692
10;3;5;24.2;426.75
11;3;5;24.7;453.5
12;3;5;25.0;453.5
13;3;5;25.0;459.25
14;3;5;25.3;453.0
15;3;5;25.3;430.0
16;3;5;24.7;372.25
17;3;5;24.1;320.0
18;3;5;22.3;270.75
19;3;5;20.8;239.5
20;3;5;19.5;202.0
21;3;5;18.0;193.0
22;3;5;17.2;181.5
23;3;5;15.6;172.0
0;4;5;15.2;166.5
1;4;5;15.4;160.5
2;4;5;14.5;157.5
3;4;5;14.3;156.25
4;4;5;13.3;153.752212389
5;4;5;15.2;156.403669725
6;4;5;17.7;204.205240175
7;4;5;19.6;251.907079646
8;4;5;20.2;339.692982456
9;4;5;20.6;391.995670996
10;4;5;22.5;427.168141593
11;4;5;23.6;465.395555556
12;4;5;24.2;463.084507042
13;4;5;25.4;471.230088496
14;4;5;25.7;476.809734513
15;4;5;26.3;435.008849558
16;4;5;26.4;370.398230088
17;4;5;25.7;320.612068966
18;4;5;24.3;259.308370044
19;4;5;20.5;216.688596491
20;4;5;18.0;204.703539823
21;4;5;17.1;197.352422907
22;4;5;16.5;187.305676856
23;4;5;15.6;181.857777778
0;5;5;15.7;176.770562771
1;5;5;15.4;172.538793103
2;5;5;14.8;163.029535865
3;5;5;14.6;161.679487179
4;5;5;14.5;160.783549784
5;5;5;16.6;163.587234043
6;5;5;18.4;205.259574468
7;5;5;20.9;257.086956522
8;5;5;23.0;348.612765957
9;5;5;24.9;471.256410256
10;5;5;26.4;501.298701299
11;5;5;27.8;538.008547009
12;5;5;28.9;534.747863248
13;5;5;29.2;535.563559322
14;5;5;29.8;537.458515284
15;5;5;30.5;526.431623932
16;5;5;29.7;438.309734513
17;5;5;28.7;389.225531915
18;5;5;27.2;293.276595745
19;5;5;25.3;208.215859031
20;5;5;24.2;196.995708155
21;5;5;21.3;191.708860759
22;5;5;23.5;179.021551724
23;5;5;20.4;174.153508772
0;6;5;16.3;169.575757576
1;6;5;14.1;169.037815126
2;6;5;13.6;161.513043478
3;6;5;13.1;157.151515152
4;6;5;13.3;154.343220339
5;6;5;13.4;155.360515021
6;6;5;12.9;163.329113924
7;6;5;12.6;161.088495575
8;6;5;12.4;170.724576271
9;6;5;12.2;234.572052402
10;6;5;13.0;216.449579832
11;6;5;13.6;226.43231441
12;6;5;14.3;211.391489362
13;6;5;14.7;208.360515021
14;6;5;15.6;225.815450644
15;6;5;15.7;206.692307692
16;6;5;15.8;172.399122807
17;6;5;15.6;167.145833333
18;6;5;15.0;168.755458515
19;6;5;14.7;168.439130435
20;6;5;14.2;168.449781659
21;6;5;13.6;165.103448276
22;6;5;13.6;159.079831933
23;6;5;13.2;156.004347826
0;7;5;12.3;155.551724138
1;7;5;10.9;155.098712446
2;7;5;10.2;155.560869565
3;7;5;9.8;154.200854701
4;7;5;9.8;148.257383966
5;7;5;11.9;145.411016949
6;7;5;14.9;144.406779661
7;7;5;16.7;145.35021097
8;7;5;18.4;145.811965812
9;7;5;19.2;195.862222222
10;7;5;20.2;177.87037037
11;7;5;20.6;192.017021277
12;7;5;21.2;200.510548523
13;7;5;21.7;199.1
14;7;5;22.6;187.429752066
15;7;5;22.2;192.88362069
16;7;5;22.3;175.132478632
17;7;5;21.9;165.948717949
18;7;5;21.0;162.886075949
19;7;5;16.8;161.483050847
20;7;5;14.9;164.567099567
21;7;5;13.8;168.274678112
22;7;5;13.3;162.164556962
23;7;5;13.0;155.92173913
0;1;5;12.7;154.628820961
1;1;5;12.0;154.68487395
2;1;5;11.5;149.769911504
3;1;5;11.0;150.449152542
4;1;5;11.3;150.863436123
5;1;5;13.6;164.17721519
6;1;5;17.1;199.940425532
7;1;5;19.3;262.611814346
8;1;5;21.4;387.084745763
9;1;5;22.5;422.472340426
10;1;5;23.0;462.911894273
11;1;5;23.2;481.034632035
12;1;5;23.5;486.487394958
13;1;5;23.8;488.99137931
14;1;5;24.3;482.327659574
15;1;5;24.4;456.848101266
16;1;5;24.4;365.622881356
17;1;5;24.4;315.49137931
18;1;5;24.3;267.725321888
19;1;5;20.3;228.415584416
20;1;5;18.3;214.206896552
21;1;5;17.5;205.343220339
22;1;5;16.6;194.52173913
23;1;5;16.2;183.83982684
0;2;5;15.7;174.811158798
1;2;5;15.8;163.360515021
2;2;5;14.8;162.868644068
3;2;5;14.5;160.225531915
4;2;5;14.5;160.301724138
5;2;5;16.4;167.877637131
6;2;5;19.3;208.829787234
7;2;5;22.0;250.122881356
8;2;5;23.0;351.987068966
9;2;5;23.8;382.594827586
10;2;5;24.9;409.730769231
11;2;5;25.7;518.730941704
12;2;5;26.6;508.180257511
13;2;5;27.1;522.43776824
14;2;5;26.6;537.876068376
15;2;5;26.7;526.0969163
16;2;5;27.7;453.812765957
17;2;5;23.9;380.787234043
18;2;5;23.2;301.939914163
19;2;5;22.2;231.356223176
20;2;5;20.1;199.564655172
21;2;5;19.0;200.666666667
22;2;5;17.8;190.756302521
23;2;5;17.0;181.438818565
